playerId,PlayerName,Org,Level,Age,IP,BB%,K%,GB%,ERA,xFIP,K-BB%
16944.0,Grant Holmes,ATL,,28.3388888,44.0,0.08648649,0.2972973,0.446428571,3.6818181818181817,3.5413092609156265,
17304.0,Emmanuel Ramirez,MIA,,30.025,48.0,0.08910891,0.29207921,0.44262295,4.499999821186073,3.84536550660666,
19315.0,Matt Krook,BAL,,29.7583333,47.2,0.16336634,0.3019802,0.542857142,3.776223373282546,4.3670316376330085,
19588.0,Guillo Zuniga,LAA,,25.7888888,38.0,0.05421687,0.18674699,0.396694214,5.4473684552303645,5.056769653404293,
19924.0,Bryan Hudson,MIL,,27.2111111,21.1,0.07526882,0.34408602,0.555555555,2.953124119900429,2.639606489754152,
20271.0,Daysbel Hernandez,ATL,,27.8583333,44.2,0.13265306,0.2755102,0.440366972,2.619402686799156,4.49590322254107,
21052.0,Luis Gil,NYY,,26.1416666,19.1,0.1025641,0.37179487,0.307692307,3.7241366604141417,3.913244054423133,
21229.0,Daniel Robert,TEX,,29.9,51.0,0.08,0.315,0.401709401,2.4705883276916327,4.030930945948873,
21238.0,Allan Winans,ATL,,28.9555555,114.2,0.06458333,0.20833333,0.446745562,3.2965119203533724,4.494150702984838,
21306.0,Jacob Latz,TEX,,28.2944444,17.1,0.17721519,0.24050633,0.372093023,4.67307778011428,5.620989416013246,
21319.0,Bryce Montes de Oca,NYM,,28.2527777,10.0,0.27272727,0.25454545,0.458333333,9.9000002360344,7.62266309711745,
21487.0,Stephen Kolek,SDP,,27.2666666,6.2,0.13793103,0.24137931,0.529411764,0.0,5.169917629927955,
21859.0,Alex Speas,HOU,,26.3888888,35.2,0.2565445,0.2513089,0.413043478,10.850469296421853,6.813479077065855,
21922.0,Sauryn Lao,LAD,,24.9444444,55.2,0.092827,0.24894515,0.47368421,3.55688600919047,4.1108234448085685,
21924.0,Juan Morillo,LAD,,25.3472222,54.1,0.12765957,0.22553191,0.527027027,4.638037101528536,4.205659729142017,
22113.0,Cole Winn,TEX,,24.6638888,23.0,0.07692308,0.26923077,0.412698412,5.478260869565218,4.562739584383907,
22116.0,Hagen Danner,TOR,,25.8166666,41.1,0.08,0.25142857,0.382608695,3.266129434170807,4.250588801010025,
22253.0,Sean Reynolds,SDP,,26.2638888,57.1,0.12927757,0.28136882,0.459459459,5.808139881075835,4.738018583659312,
22273.0,Owen White,TEX,,24.9583333,105.0,0.1085595,0.19206681,0.430340557,5.828571428571428,5.6492890471503845,
22630.0,Keider Montero,DET,,24.05,57.1,0.12547529,0.23954373,0.397515527,5.023256259586091,4.912606990129694,
22872.0,Yoendrys Gomez,NYY,,24.775,84.0,0.11461318,0.26934097,0.338235294,3.85714293651435,4.798973551265802,
22915.0,Carlos Vargas,SEA,,24.7805555,58.2,0.08015267,0.17557252,0.527777777,3.6818187005264447,4.914256963398511,
22932.0,Prelander Berroa,CHW,,24.2666666,50.1,0.14937759,0.23236515,0.309859154,6.973510638459125,5.408575494900699,
23055.0,Dedniel Nunez,NYM,,28.1361111,16.1,0.1,0.37142857,0.371428571,2.7551026172512043,2.5746461548262167,
23162.0,Eduarniel Nunez,CHC,,25.1305555,60.1,0.1496063,0.2519685,0.493150684,3.2817675062255693,4.42281561474625,
23165.0,Steven Cruz,KCR,,25.1083333,56.1,0.1125,0.25833333,0.482517482,3.834319872822948,4.218720320983652,
23223.0,Michael Mercado,PHI,,25.275,75.1,0.11501597,0.23642173,0.380710659,2.3893807527929347,5.091205476653778,
23237.0,Juan Mejia,COL,,24.0555555,56.2,0.13229572,0.26070039,0.493333333,5.082352634680744,3.770345344972395,
23313.0,Jose Butto,NYM,,26.3472222,54.1,0.08888889,0.20888889,0.438709677,2.6503069965673336,4.887683303140512,
23324.0,Freddy Tarnok,OAK,,25.6666666,31.2,0.13605442,0.24489796,0.317647058,7.389475167821617,5.41270341212623,
23335.0,Joey Cantillo,CLE,,24.6,46.2,0.14903846,0.27884615,0.452991452,4.43571508265894,4.6707361181354585,
23381.0,Nolan Hoffman,BAL,,26.9583333,62.0,0.13888889,0.28125,0.518987341,3.774193548387097,4.098209123601837,
23391.0,Ricky Vanasco,LAD,,25.7805555,43.1,0.15706806,0.2617801,0.403846153,2.2846155522137828,4.880988147585631,
23455.0,Hunter Stratton,PIT,,27.6861111,14.0,0.05357143,0.25,0.25,0.0,4.604435845358032,
23499.0,Keaton Winn,SFG,,26.4277777,9.1,0.1025641,0.23076923,0.52,2.892855098358451,4.928610504784632,
23590.0,Ben Brown,CHC,,24.875,14.0,0.09433962,0.22641509,0.485714285,0.6428571428571429,4.560016456672123,
23617.0,Josh Walker,NYM,,29.6472222,40.2,0.12777778,0.3,0.414893617,3.762294787868532,4.384577329366694,
23631.0,Clayton Andrews,NYY,,27.5555555,31.2,0.1875,0.25,0.525641025,7.673683469077629,5.424488020378815,
23793.0,Braxton Ashcraft,PIT,,24.8027777,76.2,0.0443038,0.25316456,0.429906542,2.6999998124786178,3.3167176108238325,
23875.0,Omar Cruz,SDP,,25.4944444,86.1,0.09863014,0.32328767,0.436274509,3.961389494625431,3.5194990072070813,
23974.0,Randy Rodriguez,SFG,,24.8861111,14.2,0.19354839,0.20967742,0.432432432,2.45454492253717,6.0812509233911385,
24094.0,Ronny Henriquez,MIN,,24.0944444,59.0,0.06719368,0.24901186,0.517857142,3.3559322033898304,3.7249593530671072,
24203.0,Luis Peralta,PIT,,23.55,47.2,0.11229947,0.40106952,0.488372093,0.9440558810963744,2.522682749803463,
24282.0,Kai-Wei Teng,SFG,,25.6472222,79.0,0.12234043,0.17287234,0.42519685,8.658228031012367,6.298411043758598,
24452.0,Luinder Avila,KCR,,22.925,87.0,0.12368421,0.22368421,0.514403292,4.137931669509749,4.189141370414479,
24453.0,Justin Martinez,ARI,,22.9833333,11.2,0.08,0.42,0.565217391,3.0857134449240973,1.7819167255308033,
24458.0,Carlos Duran,LAD,,22.9833333,53.1,0.12903226,0.29435484,0.425373134,3.712500362349709,4.139096780872634,
24494.0,Simeon Woods Richardson,MIN,,23.825,18.1,0.09210526,0.19736842,0.415094339,4.418182584274047,4.742603033530233,
24581.0,Lyon Richardson,CIN,,24.5166666,106.1,0.12711864,0.20550847,0.479729729,4.316614626540163,5.0326227870807285,
24607.0,Jonathan Bowlan,KCR,,27.6472222,107.1,0.07758621,0.21551724,0.433121019,4.695652323415597,4.433981297530187,
24614.0,Victor Vodnik,COL,,24.7916666,11.2,0.08928571,0.19642857,0.444444444,8.485711973541267,5.707232054846422,
24710.0,Luis Curvelo,SEA,,23.7583333,70.0,0.07407407,0.3,0.351515151,2.700000524180378,3.458401927358982,
24719.0,Randy Vasquez,SDP,,25.725,52.1,0.08433735,0.2248996,0.383233532,7.738852280962031,5.067656046913074,
24728.0,Mike Burrows,PIT,,24.7111111,51.1,0.10212766,0.25106383,0.418918918,5.259739412869882,4.375676620126391,
24763.0,Kyle Leahy,STL,,27.1388888,34.0,0.05633803,0.25352113,0.505263157,3.4411764705882355,3.791238845358877,
24862.0,Ryan Fernandez,STL,,26.1194444,9.2,0.02702703,0.16216216,0.551724137,3.724136706340163,4.885006112222076,
24993.0,Kody Funderburk,MIN,,27.6583333,23.0,0.14423077,0.32692308,0.46,5.478260869565218,4.0122595710418185,
25098.0,Jacob Lopez,TBR,,26.3694444,95.0,0.12561576,0.27832512,0.424242424,4.263158493887438,4.513815249822322,
25158.0,Jayvien Sandridge,SDP,,25.4527777,64.0,0.16891892,0.34121622,0.4,4.078124878462408,4.189278907551051,
25311.0,Roddery Munoz,MIA,,24.2777777,55.0,0.11440678,0.21186441,0.402684563,4.581818181818182,5.3394667479124935,
25348.0,Devin Sweet,DET,,27.8833333,79.2,0.11965812,0.33048433,0.370165745,3.7280333128878937,4.1792885598428455,
25388.0,Cody Morris,NYY,,27.7222222,45.2,0.15789474,0.26315789,0.418803418,5.321167512798483,4.998683139959264,
25582.0,Brady Basso,OAK,,26.7944444,97.0,0.06341463,0.27804878,0.374045801,4.360825342508245,3.7891973494890014,
25620.0,Luis Mey,CIN,,23.0833333,55.0,0.17622951,0.25819672,0.519685039,3.4363636363636365,4.285944275828925,
25648.0,Justin Slaten,BOS,,26.8583333,6.2,0.07407407,0.25925926,0.1875,1.3500013176364647,5.020266556912997,
25663.0,McKinley Moore,NYY,,25.9166666,21.1,0.16964286,0.22321429,0.542372881,6.749997856328945,5.464428338113155,
25667.0,Nick Avila,SFG,,26.9972222,29.1,0.08396947,0.26717557,0.361445783,7.363639585613644,4.602032125590416,
25873.0,Connor Thomas,STL,,26.1527777,94.1,0.06030151,0.21105528,0.545774647,2.766784601476264,4.036906710703346,
26020.0,Seth Johnson,BAL,,25.8472222,97.2,0.12561576,0.21921182,0.369230769,2.6723548618240205,4.670638478685278,
26030.0,Tyler Owens,TEX,,23.5416666,51.2,0.07476636,0.25700935,0.392592592,2.961290796301815,3.537135314910011,
26034.0,Anthony Maldonado,MIA,,26.4666666,52.1,0.11453744,0.26872247,0.326086956,4.299363475178856,4.776652154097234,
26048.0,Sawyer Gipson-Long,DET,,26.6166666,3.0,0.0,0.33333333,0.5,3.0,1.2555513550837842,
26191.0,Kade Strowd,BAL,,26.8527777,52.2,0.12605042,0.30672269,0.523076923,5.297469005922311,3.6826103965601753,
26203.0,Andrew Saalfrank,ARI,,26.9333333,33.0,0.11029412,0.26470588,0.560975609,3.0,4.2286577533591885,
26213.0,Caleb Kilian,CHC,,27.1444444,54.2,0.07423581,0.20524017,0.464968152,3.457316751497152,4.4021305365647,
26215.0,Jackson Rutledge,WSN,,25.3138888,129.1,0.13758389,0.22651007,0.414835164,6.262886844237292,5.31392956306782,
26247.0,Orlando Ribalta,WSN,,26.3861111,54.1,0.14035088,0.3377193,0.273504273,2.815951183852792,4.299250568543278,
26252.0,Erik Miller,SFG,,26.4472222,4.2,0.0952381,0.28571429,0.666666666,1.928570114837296,3.5512488670740354,
26257.0,Joey Estes,OAK,,22.7944444,35.1,0.07432432,0.22972973,0.336633663,5.094340080975594,5.145557060525073,
26270.0,Blake Walston,ARI,,23.0722222,71.1,0.10835913,0.22600619,0.446078431,4.920560966944515,5.16098747723598,
26353.0,Marc Church,TEX,,23.3166666,36.1,0.09803922,0.28104575,0.318681318,3.715596679745808,4.491740202043879,
26389.0,DJ Herz,WSN,,23.5555555,43.1,0.19786096,0.26203209,0.33,3.738461977264637,5.86310291887598,
26413.0,Porter Hodge,CHC,,23.425,25.2,0.16101695,0.31355932,0.483333333,4.558440993861286,3.875185906243156,
26419.0,Bradley Blalock,MIL,,23.5805555,91.2,0.07512953,0.20984456,0.431734317,4.221818035409475,3.8936814057509954,
26429.0,Cody Laweryson,MIN,,26.2055555,34.0,0.07643312,0.22929936,0.254716981,7.147058823529412,4.196061266345136,
26443.0,Sam Aldegheri,PHI,,22.875,95.1,0.1025,0.335,0.362790697,3.587412707035782,3.0771264900017727,
26448.0,Trevor McDonald,SFG,,23.4111111,87.0,0.08831169,0.2025974,0.492063492,4.862068325954526,4.810253534463895,
26641.0,Wikelman Gonzalez,BOS,,22.3305555,86.0,0.12868633,0.26005362,0.372641509,4.709303069753078,4.44804675684636,
26790.0,Angel Chivilli,COL,,21.9888888,32.0,0.1,0.33076923,0.408450704,1.968750616070076,3.174556862174878,
26907.0,Jairo Iriarte,CHW,,22.6083333,129.0,0.10642202,0.22568807,0.469387755,3.627906976744186,4.169597184669602,
26944.0,Edgardo Henriquez,LAD,,22.0833333,53.1,0.13157895,0.38596491,0.411764705,2.700000168476264,3.261940773281983,
26952.0,Anthony Molina,COL,,22.5333333,11.1,0.04081633,0.20408163,0.605263157,4.764707218817324,4.124664715054012,
27407.0,Rolddy Munoz,ATL,,24.2777777,53.0,0.10222222,0.33777778,0.5,4.075471551446319,2.7717780972959605,
27453.0,Anthony Veneziano,KCR,,26.8972222,96.1,0.10900474,0.19668246,0.396491228,5.138408474061183,5.129197167730361,
27470.0,Emerson Hancock,SEA,,25.15,104.0,0.09090909,0.16818182,0.429906542,4.067307766901672,5.586997747489371,
27473.0,Cade Cavalli,WSN,,25.9444444,8.1,0.16129032,0.41935484,0.5,2.159998290254039,3.391778351996061,
27474.0,Max Meyer,MIA,,25.3666666,65.0,0.08896797,0.2633452,0.5,3.876923076923077,3.7138402141057534,
27477.0,Bryce Jarvis,ARI,,26.5777777,11.2,0.07843137,0.23529412,0.529411764,6.9428552510792185,4.138716459414575,
27487.0,Landon Knack,LAD,,27.525,72.0,0.10847458,0.29152542,0.294797687,3.75,4.756523231996431,
27494.0,Clayton Beeter,NYY,,25.7916666,56.0,0.11842105,0.32017544,0.411290322,2.4107142857142856,3.836824722268752,
27500.0,Slade Cecconi,ARI,,25.0833333,55.1,0.07623318,0.29596413,0.44117647,3.578313458587087,3.850400548019711,
27514.0,Kyle Hurt,LAD,,26.15,19.1,0.17241379,0.32183908,0.38095238,2.3275854414626016,4.555379384756897,
27582.0,Davis Daniel,LAA,,27.1194444,121.0,0.06542056,0.2317757,0.397790055,5.355371900826446,4.727033233445539,
27590.0,Jake Eder,CHW,,25.7916666,109.0,0.116,0.244,0.407051282,6.605504587155964,4.142789921058397,
27608.0,Jeff Criswell,COL,,25.3722222,61.2,0.1043771,0.2996633,0.347058823,6.27567515805836,4.551622853877364,
27624.0,Walter Pennington,KCR,,26.2777777,70.2,0.08041958,0.34265734,0.537974683,2.037735695514711,2.8780584985611206,
27636.0,Mitchell Parker,WSN,,24.825,10.0,0.03030303,0.24242424,0.347826086,0.0,4.293270154297352,
27649.0,Connor Phillips,CIN,,23.2222222,84.2,0.15217391,0.19806763,0.388461538,7.44094577590411,6.198101836249296,
27662.0,Christian Roa,CIN,,25.3111111,50.1,0.13852814,0.2034632,0.479729729,5.721853351505342,5.501655209692339,
27685.0,Carson Spiers,CIN,,26.7027777,55.1,0.06956522,0.26086957,0.448275862,2.439758671716176,4.025066530929278,
27688.0,Jack Kochanowicz,LAA,,23.5888888,105.0,0.06208426,0.19068736,0.623824451,4.371428571428571,3.42894731014967,
27694.0,Justin Sterner,TBR,,27.9027777,52.1,0.08095238,0.32380952,0.375,3.0955409123848123,3.794717145004607,
27707.0,Mitch Spence,OAK,,26.2166666,17.2,0.08219178,0.28767123,0.704545454,3.056603223584153,3.3237971180671444,
27756.0,Mick Abel,PHI,,22.9333333,111.1,0.14913958,0.23135755,0.449044585,6.30538960413884,5.205316867238061,
27758.0,Kyle Harrison,SFG,,22.95,12.2,0.13559322,0.28813559,0.4,4.263156824825481,4.603947828859648,
27765.0,Yosver Zulueta,CIN,,26.5027777,59.0,0.13432836,0.25,0.630573248,4.423728813559322,4.0500468571812425,
27775.0,Kyle Nicolas,PIT,,25.4222222,16.0,0.18055556,0.29166667,0.459459459,3.375,4.955705706801166,
27783.0,Zach Brzykcy,WSN,,25.0333333,35.1,0.10769231,0.33076923,0.444444444,2.0377360323902374,3.403648644230856,
27787.0,Will Klein,KCR,,24.6555555,47.2,0.16509434,0.24056604,0.408333333,3.776223373282546,5.397911932978204,
27792.0,Gavin Stone,LAD,,25.775,14.0,0.03921569,0.25490196,0.583333333,3.2142857142857144,3.8962723625557767,
27812.0,Dugan Darnell,COL,,27.0777777,46.0,0.10628019,0.28019324,0.434426229,4.8913045379637845,4.16453283817788,
27819.0,Brandon Young,BAL,,25.9305555,111.0,0.07991361,0.28509719,0.368055555,3.5675675675675675,3.916664278628053,
27863.0,Jared Jones,PIT,,22.9666666,27.1,0.1047619,0.2952381,0.451612903,1.975609985864452,3.9537184890580974,
27867.0,Cade Smith,CLE,,25.2083333,9.0,0.0,0.33333333,0.434782608,2.0,2.734017831087113,
27889.0,J.T. Ginn,OAK,,25.1777777,102.2,0.08752735,0.21225383,0.540716612,5.259740683175551,4.574513578248415,
27908.0,Noah Murdock,KCR,,25.9277777,64.0,0.1557971,0.26449275,0.604026845,3.093750558968269,4.277194455111509,
27932.0,Ian Seymour,TBR,,25.6138888,148.1,0.07155026,0.27768313,0.385041551,2.3662922159702333,3.7375592818061056,
27942.0,John McMillon,KCR,,26.4916666,33.1,0.17283951,0.2345679,0.439560439,5.940000566482598,5.694367212981479,
27967.0,Andry Lara,WSN,,21.55,134.2,0.08103131,0.24309392,0.386111111,3.3415840795350764,3.6843419225545375,
27974.0,Cristian Mena,ARI,,21.5916666,96.2,0.10981308,0.23831776,0.466666666,4.562069445597623,4.66116854850048,
28036.0,Luke Little,CHC,,23.9,15.0,0.171875,0.25,0.515151515,3.6,5.59999713900476,
29107.0,Bradgley Rodriguez,SDP,,20.6888888,61.1,0.12204724,0.29527559,0.423357664,2.641304402585743,3.733503834556095,
29271.0,Yilber Diaz,ARI,,23.9305555,104.1,0.10779817,0.32110092,0.391836734,3.795527341581952,3.633158061644554,
29514.0,River Ryan,LAD,,25.9361111,24.1,0.08421053,0.33684211,0.611111111,2.219178372105948,3.222024833567169,
29519.0,Gordon Graceffo,STL,,24.3527777,136.2,0.08482871,0.18270799,0.400457665,4.873170618355667,5.184628197476122,
29521.0,Ryan Loutos,STL,,25.4861111,56.0,0.09958506,0.25311203,0.458064516,3.375,4.254479453712702,
29542.0,Andre Granillo,STL,,24.2,66.0,0.14487633,0.28975265,0.32278481,3.954545340262172,4.746648625220517,
29564.0,Patrick Monteverde,MIA,,26.8333333,120.1,0.08139535,0.21317829,0.372881355,5.310249531933455,4.789926993735419,
29608.0,Joe Boyle,OAK,,24.9444444,64.0,0.19494585,0.32490975,0.488372093,5.343749840743844,4.78351235407656,
29628.0,Alek Jacob,SDP,,26.1055555,57.2,0.11481481,0.25185185,0.374233128,5.306357913476323,5.006055006650903,
29633.0,Andrew Hoffmann,KCR,,24.4777777,81.2,0.09234828,0.21372032,0.45816733,5.840816099174028,4.808245890227548,
29770.0,Mason Montgomery,TBR,,24.1027777,92.0,0.09004739,0.26066351,0.345864661,6.260870473822165,4.474910808853414,
29812.0,Robert Gasser,MIL,,25.15,25.1,0.10619469,0.27433628,0.446153846,5.684211239590298,3.932120161866058,
29823.0,Ky Bush,CHW,,24.7,108.1,0.10430839,0.23129252,0.437062937,3.240000209162799,3.987655068734025,
29833.0,Nick Nastrini,CHW,,24.4333333,99.1,0.13436123,0.24008811,0.319852941,5.073825665730779,5.414079639850794,
29866.0,Chayce McDermott,BAL,,25.9222222,110.2,0.13250518,0.32919255,0.370967741,3.659638449093277,4.157052161337859,
29868.0,Bubba Chandler,PIT,,21.8611111,120.2,0.08506224,0.30705394,0.413427561,3.058011307522373,3.3833331374324294,
29869.0,Michael McGreevy,STL,,24.0444444,157.0,0.06606607,0.21471471,0.494623655,4.012738853503185,4.140450311561299,
29878.0,Sean Burke,CHW,,24.6,71.2,0.13141026,0.33012821,0.380368098,4.772093573612093,4.357558598072648,
29921.0,Spencer Arrighetti,HOU,,24.5611111,13.1,0.13333333,0.25,0.371428571,4.050000965595475,5.056260078335451,
29928.0,Dylan Dodd,ATL,,26.1333333,113.2,0.06759443,0.20874751,0.390934844,5.146628026576607,4.630715687476481,
29950.0,Jordan Leasure,CHW,,25.9416666,19.0,0.12987013,0.2987013,0.511627906,3.789473684210526,4.424831139592665,
29960.0,AJ Smith-Shawver,ATL,,21.6777777,99.2,0.10070258,0.28571429,0.30620155,5.4180600278573685,4.393785206584104,
30002.0,Grant Holman,OAK,,24.15,50.2,0.1122449,0.30102041,0.441441441,0.7105264049487873,4.036914167075413,
30004.0,McCade Brown,COL,,24.1916666,23.2,0.14655172,0.30172414,0.327272727,6.845069503103242,5.221624834062142,
30016.0,Joe Rock,TBR,,23.9861111,141.2,0.05778491,0.21348315,0.452054794,4.701176808161248,4.30051553912171,
30031.0,Julian Aguiar,CIN,,23.1388888,119.1,0.05858586,0.2,0.390934844,3.846368879024948,4.1460594912867945,
30055.0,Cade Povich,BAL,,24.2833333,84.2,0.08645533,0.28242075,0.406542056,3.2952759864718204,4.096897268989432,
30056.0,David Festa,MIN,,24.3777777,61.1,0.10465116,0.34496124,0.452554744,3.9619568502970863,3.219969612808829,
30076.0,Landen Roupp,SFG,,25.8722222,34.1,0.13235294,0.40441176,0.580645161,2.883495412613157,3.123286535167385,
30085.0,Ben Casparius,LAD,,25.4527777,88.2,0.12169312,0.28042328,0.347031963,3.3496239400582586,4.934800852783104,
30094.0,Jordan Wicks,CHC,,24.8972222,42.1,0.06779661,0.2259887,0.423728813,4.03937038206644,4.296656135305633,
30105.0,Mike Vasil,NYM,,24.3472222,135.0,0.08510638,0.18003273,0.479166666,6.0,5.095444916354285,
30107.0,Christian Scott,NYM,,25.1083333,47.1,0.07103825,0.3442623,0.424528301,2.8521129825337352,3.222530853660684,
30133.0,Brant Hurter,DET,,25.8833333,82.1,0.07027027,0.22162162,0.514285714,5.684210877466295,4.387090278376073,
30140.0,Ty Madden,DET,,24.425,102.1,0.10151188,0.28509719,0.36101083,6.596090795405708,4.151514098928737,
30142.0,Doug Nikhazy,CLE,,24.9527777,123.2,0.10838446,0.25357873,0.387622149,2.983827738704033,4.422952034896975,
30145.0,Dylan Smith,DET,,24.1555555,57.1,0.12156863,0.23137255,0.49090909,4.39534922713783,3.998805157506029,
30146.0,Jack Leiter,TEX,,24.2583333,89.2,0.10471204,0.30890052,0.387850467,3.6133827715245226,4.579670613988561,
30153.0,Dom Hamel,NYM,,25.3944444,128.0,0.13166667,0.21,0.34366925,6.890625731583064,5.839963949958202,
30160.0,Richard Fitts,BOS,,24.6027777,120.0,0.07524752,0.22574257,0.421511627,4.050000458657793,4.674887571835178,
30161.0,Carlos Rodriguez,MIL,,22.6583333,133.0,0.11150442,0.23716814,0.376404494,4.53383504973067,5.08856027416479,
30170.0,Chase Petty,CIN,,21.3055555,138.0,0.10273973,0.22260274,0.423376623,4.239130434782608,3.959618763366472,
30171.0,Mason Black,SFG,,24.6222222,94.2,0.09443099,0.2251816,0.349264705,4.848591972617671,5.206683585306093,
30180.0,Travis Adams,MIN,,24.5138888,127.0,0.06692161,0.22562141,0.43767313,3.897637795275591,3.9288162693029314,
30182.0,Will Warren,NYY,,25.1055555,125.0,0.07913669,0.26798561,0.497093023,5.61600059985358,3.7968550659586953,
30184.0,Noah Cameron,KCR,,25.0194444,128.2,0.06716418,0.27798507,0.417647058,3.0777204505817988,3.4514992906491018,
30203.0,Jackson Jobe,DET,,21.9833333,92.2,0.11904762,0.25925926,0.362445414,2.3309355076780807,4.147579191676306,
30240.0,Hunter Dobbins,BOS,,24.9,125.2,0.09160305,0.22900763,0.431884057,3.079575518914799,3.929537579551128,
30250.0,Jaden Hill,COL,,24.5888888,50.1,0.08189655,0.33189655,0.483870967,5.006623022483474,2.9201306846284134,
31184.0,Luis Guerrero,BOS,,23.9694444,60.2,0.13358779,0.32442748,0.346153846,2.9670333712591845,4.455471607329589,
31204.0,Justin Wrobleski,LAD,,24.0277777,95.2,0.07730673,0.25935162,0.422924901,3.763066602228847,3.5922122258629727,
31312.0,Colton Gordon,HOU,,25.5944444,123.1,0.07471264,0.23754789,0.38483965,3.9405407030483226,4.847328716877967,
31461.0,Ben Joyce,LAA,,23.8527777,26.1,0.17241379,0.34482759,0.454545454,5.4683550905101015,3.4407110368237905,
31475.0,Logan Henderson,MIL,,22.3944444,82.1,0.04672897,0.3271028,0.25,3.3886637844390988,3.2660214852737366,
31508.0,Caden Dana,LAA,,20.6027777,143.1,0.07652174,0.2626087,0.369444444,2.888372233954561,3.571696999283953,
31552.0,Zach Agnos,COL,,23.9416666,53.1,0.05365854,0.30731707,0.325203252,1.518749818950913,3.184682510301764,
31610.0,Zach Maxwell,CIN,,23.4944444,58.0,0.1640625,0.359375,0.403361344,3.4137932157119626,3.844460324885316,
31612.0,Carson Palmquist,COL,,23.7694444,122.2,0.11969112,0.29343629,0.302405498,3.8152177076934906,4.338606757139539,
31623.0,Jacob Misiorowski,MIL,,22.3083333,98.1,0.14489311,0.3087886,0.457943925,3.294915488576536,3.883933593590352,
31635.0,Hayden Birdsong,SFG,,22.9,60.0,0.11284047,0.307393,0.402877697,2.7000000751018547,3.5810878730352607,
31676.0,Carson Whisenhunt,SFG,,23.7611111,109.2,0.11290323,0.28427419,0.38245614,5.170213245539169,4.576290244686753,
31687.0,Shane Smith,MIL,,24.3055555,97.1,0.07379135,0.30025445,0.440677966,3.051370082261274,2.893357120758854,
31701.0,Blade Tidwell,NYM,,23.1277777,124.0,0.11743119,0.2293578,0.416184971,5.00806458834772,4.811451538459049,
31730.0,Jonathan Cannon,CHW,,24.0138888,48.2,0.08878505,0.21028037,0.436619718,4.808218675564421,4.978068979836093,
31741.0,Mason Barnett,KCR,,23.7138888,135.1,0.08838821,0.27902946,0.4,4.3891631672848295,3.638813565623792,
31757.0,Mason Miller,OAK,,25.9166666,7.2,0.06666667,0.46666667,0.571428571,3.521737670177928,1.9833076908478984,
31764.0,AJ Blubaugh,HOU,,24.0555555,131.1,0.09625668,0.24242424,0.382681564,3.906091571470072,4.857813761585238,
31776.0,Orion Kerkering,PHI,,23.3055555,6.1,0.0,0.52173913,0.555555555,0.0,1.0592699776655423,
31807.0,Troy Melton,DET,,23.6416666,100.2,0.06976744,0.27674419,0.385454545,5.096027005027822,3.1357698622212444,
31827.0,Zebby Matthews,MIN,,24.1722222,97.0,0.01871658,0.30481283,0.461224489,2.597938195414164,2.4478311413580243,
31843.0,Kumar Rocker,TEX,,24.6722222,36.2,0.03597122,0.39568345,0.525641025,1.9636361933936903,2.037188452555693,
31846.0,Spencer Schwellenbach,ATL,,24.15,45.0,0.05714286,0.29142857,0.575471698,1.8,2.7302323119507896,
31872.0,Cade Horton,CHC,,22.9277777,34.1,0.09090909,0.27972028,0.348837209,4.456311092220333,4.175347789711594,
31883.0,Troy Taylor,SEA,,22.875,48.0,0.08108108,0.27567568,0.525862068,1.5,3.275785182130309,
31900.0,Adam Mazur,SDP,,23.2611111,95.1,0.05076142,0.24111675,0.401459854,4.81468557156039,4.035656633471049,
31967.0,Drew Thorpe,CHW,,22.8138888,69.2,0.07806691,0.23791822,0.431693989,2.1961721410758166,3.5778461167995586,
31986.0,Parker Messick,CLE,,23.7444444,133.2,0.08043876,0.30164534,0.426791277,2.827930389779518,3.0387153076858646,
31989.0,Thomas Harrington,PIT,,23.0333333,118.1,0.04329004,0.25108225,0.341772151,2.585915604106875,3.7840701208523546,
32157.0,Jonah Tong,NYM,,21.125,113.0,0.10042735,0.34188034,0.451612903,3.0265486725663715,2.884008677839467,
32227.0,Luis Morales,OAK,,21.8333333,81.0,0.10650888,0.24852071,0.444444444,4.222222222222222,3.775416349150516,
33168.0,Jake Bloss,HOU,,23.0861111,93.1,0.09549072,0.23342175,0.386178861,3.182142900496113,4.4472017967614,
33174.0,Hunter Barco,PIT,,23.6083333,66.0,0.08270677,0.31203008,0.463576158,3.272727272727273,3.1670819625484223,
33294.0,Seth Halvorsen,COL,,24.4333333,46.1,0.12315271,0.28078818,0.504347826,4.273381764076482,3.724764443544302,
33482.0,Chase Dollander,COL,,22.7444444,118.0,0.09418838,0.33867735,0.366037735,2.593220338983051,3.2416309508984376,
33527.0,Hurston Waldrep,ATL,,22.3972222,97.2,0.11448598,0.23831776,0.459259259,3.3174064240848398,4.106668015488186,
33568.0,Brandyn Garcia,SEA,,24.1583333,118.0,0.09542744,0.27037773,0.537414965,2.211864406779661,3.626995846770389,
33628.0,Mitch Farris,ATL,,23.4444444,108.0,0.09728507,0.29638009,0.355212355,3.0833333877869604,3.670808099822856,
33666.0,Connelly Early,BOS,,22.3083333,103.2,0.08705357,0.30803571,0.54,3.993569523710836,3.094711221432356,
33677.0,Paul Skenes,PIT,,22.1527777,30.1,0.06837607,0.41025641,0.516666666,1.1868133111904806,2.265948657939629,
33699.0,Logan Evans,SEA,,23.1361111,108.0,0.09333333,0.22,0.477815699,3.1666666666666665,4.072502430169671,
33703.0,Nolan McLean,NYM,,23.0,109.2,0.09071274,0.25053996,0.496478873,3.775076338012727,3.780139756915554,
33834.0,Andrew Walters,CLE,,23.6277777,50.1,0.11848341,0.37440758,0.303921568,2.3245034580675,3.673351293718688,
33838.0,Yariel Rodriguez,TOR,,27.3722222,25.1,0.15238095,0.34285714,0.450980392,1.4210528098975743,4.031895636340014,
33850.0,Brandon Sproat,NYM,,23.8527777,116.1,0.09071274,0.28293737,0.498233215,3.404011610146404,3.482243199501777,
33876.0,Rhett Lowder,CIN,,22.3777777,113.0,0.05732484,0.25053079,0.517350157,3.982301288263907,2.9976005994676624,
33927.0,Grant Taylor,CHW,,22.1777777,19.1,0.02777778,0.44444444,0.54054054,2.327586618317508,1.3356913239743031,
,Trey McGough,BAL,,26.3194444,85.1,0.09117647,0.26470588,0.43127962,2.320312268777366,4.016119985735262,
,Leonardo Taveras,STL,,25.8805555,65.2,0.1483871,0.22903226,0.357142857,4.248731508877614,5.251876857774338,
,Gerardo Gutierrez,ARI,,25.8583333,50.0,0.12444444,0.19111111,0.445205479,4.679999832630164,4.803028992792836,
,Juan Sanchez,SFG,,21.7,44.2,0.16753927,0.2513089,0.495238095,3.6268663427618,5.536144648197372,
,Jorge Juan,ATL,,25.3833333,40.0,0.15425532,0.30851064,0.318181818,4.725,4.337380324304104,
,Jose Cruz,SFG,,24.1833333,35.0,0.23369565,0.26630435,0.305882352,8.742857142857142,6.199305344905172,
,Wilkin Ramos,NYM,,23.7333333,54.0,0.12970711,0.20083682,0.530201342,3.333333215595768,5.038510249041293,
,Reid Birlingmair,TEX,,27.6972222,55.1,0.1423221,0.22097378,0.37735849,5.530120823462606,5.782886906276541,
,Anderson Paulino,KCR,,25.8666666,54.0,0.1,0.21153846,0.505882352,6.000000192059417,4.333818714719914,
,Antonio Jimenez,TBR,,23.2166666,68.2,0.0890411,0.2260274,0.456410256,3.669902640785096,4.036321129681891,
,Ben Madison,SFG,,26.8583333,50.2,0.16326531,0.30612245,0.552631578,6.217104851144427,3.8085501789302074,
,Kohl Franklin,CHC,,24.875,6.0,0.0,0.25,0.4,0.0,3.06530743042628,
,Gustavo Rodriguez,STL,,23.5444444,33.1,0.09150327,0.22875817,0.56,4.319999176025548,3.517601100187691,
,Juan Daniel Encarnacion,BOS,,23.3166666,71.0,0.07788162,0.23676012,0.365384615,6.464788745962375,4.193195264998589,
,Samuel Valerio,MIL,,22.7944444,18.1,0.22826087,0.30434783,0.391304347,7.854546816487193,6.8097096461903845,
,Royber Salinas,OAK,,23.2888888,47.0,0.1682243,0.25700935,0.422413793,4.2127657864848285,4.7787685370319375,
,Luis Vargas,ATL,,22.2277777,95.1,0.09677419,0.25806452,0.375,3.8706294996965016,3.7435792692065415,
,Reidis Sena,BOS,,23.2972222,60.0,0.13533835,0.31954887,0.440298507,4.499999986588955,3.6092995209341727,
,Misael Tamarez,HOU,,24.5222222,78.0,0.13407821,0.20670391,0.406926406,6.6923076923076925,5.8862329550278485,
,Angel Bastardo,BOS,,22.1,45.1,0.10552764,0.26633166,0.483050847,5.36029471905593,3.626910731882623,
,Edgar Isea,ARI,,21.9277777,35.0,0.21019108,0.31210191,0.538461538,4.371428787319038,5.319231659655214,
,Richard Gallardo,CHC,,22.8833333,19.0,0.04545455,0.21590909,0.475409836,5.6842104906520685,3.2913559256117604,
,Jacob Wallace,KCR,,25.9472222,67.0,0.11111111,0.31541219,0.339743589,3.895522388059701,3.6891911238665434,
,Kadon Morton,ATL,,23.6805555,47.1,0.11210762,0.19730942,0.384615384,6.274648561574217,4.590954108430823,
,Seth Shuman,WSN,,26.6472222,63.2,0.06137184,0.21299639,0.38095238,4.0994762351012985,3.9259051528930073,
,T.J. Sikkema,CIN,,25.9972222,72.1,0.05263158,0.23684211,0.472636815,3.6082951846000695,3.3488226589285888,
,Adam Macko,TOR,,23.5666666,93.1,0.08974359,0.26923077,0.386554621,4.628571680808568,3.815647951898293,
,Jared Johnson,ATL,,23.3583333,52.0,0.11688312,0.26406926,0.625954198,2.5961538461538463,3.730983757514221,
,Yosber Sanchez,DET,,23.1722222,61.0,0.11538462,0.31538462,0.5,1.9180327269121784,3.0402474510801407,
,Victor Simeon,TEX,,23.6388888,37.2,0.16149068,0.35403727,0.464788732,3.106195384144649,3.6181766252389895,
,Sem Robberse,STL,,22.7833333,95.0,0.0775,0.2125,0.429078014,4.736842200366416,4.638062790790013,
,Ben Peoples,TBR,,23.2305555,55.1,0.10043668,0.2489083,0.365517241,3.4156629645715704,4.072440763791278,
,Jean Pinto,BAL,,23.5416666,1.0,0.2,0.2,0.333333333,9.0,6.446813982725144,
,Tyler Schlaffer,CHC,,23.1666666,78.1,0.11461318,0.19197708,0.419913419,5.285105696644145,4.569137106524067,
,Shane Drohan,CHW,,25.5472222,16.1,0.19047619,0.27380952,0.325581395,7.714282542555309,5.74292440022435,
,Beck Way,KCR,,24.9666666,61.0,0.1557971,0.23550725,0.512820512,3.9836065573770494,4.691499678277578,
,Carter Baumler,BAL,,22.4833333,20.1,0.07058824,0.2,0.508196721,5.754099327721639,3.9889903572198473,
,Christian Chamberlain,KCR,,25.0111111,0.1,0.33333333,0.33333333,0.0,27.00026956469727,15.739351106886126,
,Tekoah Roby,STL,,22.85,39.1,0.0923913,0.22282609,0.390243902,6.864407667309735,4.275938315943655,
,Ian Bedell,STL,,24.8861111,107.2,0.0940919,0.24070022,0.367697594,4.848297671697533,4.747967512556827,
,Marco Raya,MIN,,21.9638888,97.2,0.10526316,0.24641148,0.428030303,4.054607930842369,4.011132827731864,
,Chih-Jung Liu,BOS,,25.2972222,22.0,0.1011236,0.40449438,0.428571428,3.272727272727273,2.4103277607397606,
,Luis Perales,BOS,,21.2777777,33.2,0.08333333,0.38888889,0.485714285,2.940594614726645,2.0893489398123544,
,Alex Santos II,HOU,,22.4555555,25.0,0.11864407,0.21186441,0.445945945,7.2,4.381481071710587,
,Stevie Emanuels,OAK,,25.4833333,23.0,0.1509434,0.30188679,0.285714285,5.869565217391305,4.92867741273797,
,Po-Yu Chen,PIT,,22.8111111,134.0,0.07504363,0.16753927,0.434782608,4.029850746268656,4.562407441793093,
,Tink Hence,STL,,21.9666666,83.2,0.08579882,0.34023669,0.420212765,2.5816736206630533,2.681918303203727,
,CJ Van Eyk,TOR,,25.8583333,97.0,0.08883827,0.17995444,0.511400651,5.752577319587629,4.384780991722628,
,Braxton Roxby,CIN,,25.3666666,49.2,0.10434783,0.29130435,0.42063492,5.0738263598843405,3.402709494580023,
,Edwin Nunez,STL,,22.7194444,79.2,0.16876574,0.20403023,0.301801801,7.682009349105943,6.245763066362718,
,Evan Reifert,TBR,,25.1944444,41.1,0.09937888,0.40372671,0.461538461,1.9596776605024844,2.121398469214074,
,Dane Acker,TEX,,25.3138888,97.1,0.09638554,0.25060241,0.360465116,3.051370022466478,3.968127766150221,
,Emiliano Teodo,TEX,,23.4444444,87.2,0.14010989,0.30769231,0.453125,1.9505705287567023,3.78537596289175,
,Victor Lizarraga,SDP,,20.65,96.0,0.1031941,0.25061425,0.345381526,4.03125,4.254192737365763,
,Wilmer Flores,DET,,23.4277777,37.2,0.14444444,0.2,0.469565217,7.407078974005615,5.264318172028418,
,Brandan Bidois,PIT,,23.0916666,30.2,0.12878788,0.33333333,0.298507462,4.108695226265532,3.614814984818272,
,Dahian  Santos,TOR,,21.4111111,35.2,0.17088608,0.30379747,0.240506329,5.55140137437113,4.771590903128335,
,Elison Joseph,ATL,,23.5,53.0,0.12556054,0.34080717,0.445454545,2.03773577572316,3.2693796260500414,
,Aidan Curry,TEX,,22.0527777,93.2,0.10189573,0.24407583,0.338403041,6.437723119087965,4.502817032073964,
,Moises Chace,BAL,,21.125,80.1,0.11976048,0.37125749,0.422360248,3.585061956930995,3.116704827874337,
,Yerlin Rodriguez,MIL,,22.3388888,50.0,0.20647773,0.28744939,0.517857142,5.94,4.90248941898346,
,Adrian Rodriguez,TEX,,23.1833333,42.0,0.25471698,0.3490566,0.36,6.642857142857143,5.062785933982759,
,Edgar Portes,BAL,,21.8111111,94.1,0.11922141,0.28953771,0.365957446,3.3392227948851456,3.9699411540366953,
,Jean Cabrera,PHI,,22.7611111,106.2,0.07399103,0.24663677,0.493055555,3.796874886844311,3.6103898075978056,
,Jose Rodriguez,LAD,,23.0166666,90.2,0.08355091,0.32898172,0.41588785,3.37499981066761,3.070960943890838,
,Yoniel Curet,TBR,,21.725,121.0,0.12209302,0.31395349,0.344444444,3.049586824930788,3.889053050336655,
,Juan Nunez,BAL,,23.6305555,29.1,0.08474576,0.3220339,0.409090909,2.454545720549683,3.215274995662257,
,Yordanny Monegro,BOS,,21.7777777,76.0,0.09477124,0.30718954,0.427745664,2.8421052631578947,3.398959518518104,
,Alimber Santa,HOU,,21.225,40.1,0.12432432,0.26486486,0.398148148,6.471073360116287,3.871293227985825,
,Jose Romero,CHC,,23.2611111,55.0,0.19391635,0.24714829,0.466666666,4.581818042786658,5.394878308652394,
,Joel Diaz,NYM,,20.4111111,74.1,0.08510638,0.21580547,0.312217194,4.479821049284243,4.32709128720145,
,Winston Santos,TEX,,22.275,110.1,0.07407407,0.30065359,0.321167883,3.670695033263931,3.4068674131456143,
,Alexander Alberto,TBR,,22.7277777,33.2,0.13286713,0.25874126,0.625,2.673267074314243,3.915740357177413,
,Randel Clemente,STL,,22.6861111,48.1,0.22624434,0.36199095,0.422222222,6.144827990356181,4.022261987605759,
,Maximo Martinez,CHW,,20.0916666,8.2,0.22,0.2,0.379310344,16.615378520900094,7.498003748964489,
,Ricardo Yan,ARI,,21.6944444,36.2,0.18674699,0.21686747,0.538461538,3.681817671090189,5.272318248415444,
,Henry Lalane,NYY,,20.1833333,12.1,0.16981132,0.24528302,0.5,6.567569260357331,5.029621876014241,
,Ismael Luciano,COL,,21.3888888,82.1,0.11873351,0.21899736,0.479166666,6.121457726229838,5.242882900771954,
,Jedixson Paez,BOS,,20.5194444,96.2,0.03076923,0.28974359,0.458823529,3.16551757449631,2.573925972956385,
,Jose Olivares,MIN,,21.5166666,50.2,0.1,0.23181818,0.468531468,3.907894491654039,3.956473816029999,
,Keythel Key,LAA,,20.7888888,94.0,0.1367713,0.25112108,0.42248062,5.361701464696269,4.852288849558447,
,Miguel Ullola,HOU,,22.0972222,130.1,0.14025501,0.31147541,0.389473684,4.281330090352718,4.08779795239025,
,Felix Arronde,KCR,,21.2472222,110.1,0.07289294,0.23462415,0.517241379,2.936556026611145,3.497396707340878,
,Luis Serna,NYY,,20.0111111,69.2,0.07920792,0.27062706,0.443243243,6.071771221510778,3.5450933698352305,
,Henry Baez,SDP,,21.7833333,126.1,0.07751938,0.21124031,0.501466275,2.9920845531809683,3.715155152551281,
,Bryan Mena,COL,,20.1111111,79.1,0.11898017,0.23512748,0.527777777,4.9915969586795175,4.944511040855572,
,Kendry Rojas,TOR,,21.6611111,62.2,0.0546875,0.26953125,0.472727272,2.585106173161756,3.269650637221381,
,Andrew Moore,CIN,,24.9527777,60.2,0.15925926,0.35185185,0.37007874,4.3021983967795885,3.476607179365638,
,Peyton Alford,SEA,,26.9416666,58.2,0.11659193,0.29147982,0.359375,2.4545458053385434,3.8861852477967047,
,Luis Alvarez,NYM,,21.2194444,10.2,0.21428571,0.32142857,0.59090909,4.218748742714899,4.982017141561509,
,Jimmy  Joyce,SEA,,25.5305555,61.0,0.12773723,0.22262774,0.457831325,5.459016393442623,4.7592385161607,
,Ismael Agreda,TEX,,20.7944444,25.1,0.14782609,0.25217391,0.446153846,3.5526320247439367,5.696117733656871,
,Abel Mercedes,HOU,,22.0694444,45.1,0.26484018,0.33789954,0.44,5.757353587134147,5.076924909599372,
,Michael Arias,CHC,,22.6916666,62.0,0.16610169,0.25084746,0.401197604,4.790322718802654,4.821926384630411,
,Austin Smith,ATL,,25.0888888,26.0,0.17777778,0.19259259,0.397435897,6.923074320224183,5.592688682519882,
,Hayden Juenger,TOR,,23.9583333,77.1,0.08206687,0.2218845,0.416289592,4.189655551303757,4.599308279896644,
,Griff McGarry,PHI,,25.1277777,34.1,0.23493976,0.28313253,0.384615384,4.980581567384039,5.783437386267683,
,Austin Vernon,TBR,,25.4611111,52.2,0.12446352,0.29184549,0.344,4.101266475695014,3.862527497646688,
,Andrew Baker,PHI,,24.3333333,51.2,0.15086207,0.31896552,0.5,4.52903299302898,3.4262525161111608,
,Justin Meis,PIT,,24.6694444,68.2,0.11935484,0.24193548,0.272251308,6.1601949162393765,4.53937804331648,
,Trey McLoughlin,NYM,,25.1194444,46.2,0.11052632,0.27368421,0.469026548,2.7000004781996347,3.639787269384136,
,Logan Workman,TBR,,25.6333333,150.1,0.07467532,0.23538961,0.335731414,3.1729490693117524,4.01366875109017,
,Patrick Halligan,ATL,,24.8055555,53.0,0.11946903,0.30530973,0.453125,3.396227163706775,3.2247818006723694,
,Jordarlin Mendoza,NYY,,20.6944444,14.1,0.14864865,0.32432432,0.606060606,3.1395355800219646,3.697637970342986,
,Ryan Cusick,OAK,,24.7,63.2,0.14675768,0.22525597,0.45614035,5.230367171150459,4.924844594065732,
,Tanner McDougal,CHW,,21.3083333,92.1,0.13647059,0.27294118,0.46835443,6.043321757378831,4.20523596123857,
,Carlos Tavera,BAL,,25.8,85.0,0.1383812,0.21932115,0.341666666,5.505882352941176,5.30651566728073,
,Justin Armbruester,BAL,,25.7583333,122.1,0.12105263,0.23684211,0.247093023,7.356948534763285,6.079938038198996,
,Alex Pham,BAL,,24.7916666,123.2,0.09980431,0.28180039,0.33118971,4.075471593351144,3.698555806107772,
,Luke Albright,ARI,,24.6138888,36.0,0.17127072,0.20994475,0.373831775,9.25,5.836460064185991,
,Riley Martin,CHC,,26.3472222,63.1,0.15916955,0.32871972,0.463768115,4.263158237108591,4.044039128202304,
,Ricardo Velez,MIN,,25.925,55.0,0.08510638,0.2893617,0.471428571,3.9272728634668814,2.9623357909778374,
,Andy Rodriguez,TBR,,21.9888888,39.1,0.1038961,0.25974026,0.544444444,2.745762933776575,3.6954287233146026,
,Hunter Parks,CIN,,23.2388888,27.2,0.20143885,0.1942446,0.430379746,6.83132451628208,6.107018684922153,
,Keagan Gillies,BAL,,26.4916666,48.1,0.11904762,0.25714286,0.368,4.8413798198178855,4.1941742991415465,
,Mitch Bratt,TEX,,21.0583333,110.1,0.0623608,0.26057906,0.31292517,3.7522660340031297,3.7857446115522926,
,Ronan Kopp,LAD,,21.9861111,49.2,0.18061674,0.30837004,0.358490566,4.167784808084904,4.487864270643872,
,Evan Shawver,COL,,24.8694444,49.2,0.13875598,0.23923445,0.411290322,2.8993285621460205,4.394261279009138,
,Maddux Bruns,LAD,,22.0944444,28.1,0.15625,0.2890625,0.365079365,2.223529661238015,4.549063059732126,
,Michael Morales,SEA,,21.9472222,149.0,0.06229508,0.24098361,0.383693045,3.0201342281879198,3.5914744817970576,
,Connor Cooke,TOR,,24.7277777,37.1,0.17613636,0.19886364,0.364485981,5.303570525378751,6.526051921045313,
,Mason Albright,COL,,21.6611111,115.2,0.08097166,0.16194332,0.307042253,4.590778501727497,4.880661299133641,
,RJ Petit,DET,,24.8361111,60.0,0.112,0.316,0.5,3.899999883770946,3.19459794325868,
,Will Dion,CLE,,24.2694444,116.2,0.1042471,0.22393822,0.381231671,5.477143334711856,4.913051710363645,
,Zac Leigh,CHC,,26.6944444,45.1,0.15813953,0.26976744,0.401709401,3.375000236665518,4.276402975842168,
,Christian McGowan,PHI,,24.3805555,40.1,0.12169312,0.24867725,0.491071428,5.355372576169426,4.233994024957049,
,Keshawn Askew,TBR,,24.5527777,68.0,0.13745704,0.24054983,0.530864197,1.3235294442482068,4.396329949856287,
,Nate Lavender,NYM,,24.5111111,10.0,0.1627907,0.37209302,0.578947368,2.7,3.7679366767406464,
,Peter Heubeck,LAD,,22.0055555,91.1,0.16624041,0.29923274,0.318181818,3.0547446956631568,4.278816400162368,
,Brock Selvidge,NYY,,21.9055555,84.2,0.10810811,0.22432432,0.452586206,4.251969014802349,4.027002051180096,
,Drew Gray,CHC,,21.2083333,80.0,0.20797721,0.27635328,0.344827586,4.3875,4.865900053735823,
,Jacob Steinmetz,ARI,,21.0138888,107.2,0.08860759,0.23839662,0.438943894,4.012383711380443,4.1083314070743056,
,Ricky Tiedemann,TOR,,21.9333333,24.0,0.16964286,0.3125,0.309090909,5.25000003259629,4.834602895734783,
,Davis Sharpe,CLE,,24.4833333,57.0,0.08695652,0.21343874,0.347058823,5.052631420441947,4.292741676002307,
,Chandler Champlain,KCR,,25.0027777,142.1,0.08943089,0.19512195,0.420560747,5.121780042510917,4.84769293515586,
,Calvin Ziegler,NYM,,21.8083333,6.0,0.1,0.65,0.6,0.0,0.6463627537091581,
,Hunter Stanley,CLE,,26.6638888,33.1,0.08860759,0.2278481,0.327102803,6.209998771119361,5.249394744647537,
,Jake Miller,CLE,,24.0277777,41.2,0.08648649,0.2,0.392307692,5.831999288086024,4.2300189032787054,
,Franco Aleman,CLE,,24.0777777,25.2,0.12264151,0.37735849,0.511627906,1.7532465361004943,3.462175849776602,
,Chad Dallas,TOR,,24.0777777,71.0,0.07763975,0.20807453,0.438914027,6.338028169014085,4.849538423172883,
,Robby Ahlstrom,TEX,,25.0972222,65.0,0.11678832,0.26642336,0.331288343,2.4923076191738534,4.506396627816764,
,Madison Jeffrey,LAD,,24.3611111,30.2,0.22222222,0.20138889,0.41025641,5.576086378503221,6.062627935970701,
,Tyler Thornton,CLE,,24.0444444,28.0,0.16911765,0.27941176,0.257575757,5.142857164752726,5.3604421225992045,
,Frank Mozzicato,KCR,,21.0972222,101.2,0.14519906,0.21311475,0.353383458,3.452459361838355,4.808206663084744,
,Ben Kudrna,KCR,,21.4833333,115.1,0.10794297,0.24236253,0.456026058,4.213873018204045,3.948627654052831,
,Anthony Solometo,PIT,,21.6444444,71.1,0.12302839,0.170347,0.511737089,5.299064806574148,4.9824989685299865,
,Alfredo Zarraga,TBR,,23.6888888,59.0,0.13127413,0.2972973,0.425531914,3.3559323118802187,3.849162086258042,
,Justin King,MIL,,26.5972222,38.0,0.10493827,0.37037037,0.35,5.921052631578948,2.7768202029560745,
,Walbert Urena,LAA,,20.4972222,81.1,0.14876033,0.184573,0.513274336,4.204918295745743,5.155334072930701,
,Reynaldo Yean,LAD,,20.5555555,23.2,0.22522523,0.3963964,0.378378378,6.08450622498066,4.831468787078893,
,Raimy Rodriguez,HOU,,19.0222222,82.2,0.18138425,0.21479714,0.441441441,6.532258868341614,5.991057678648717,
,Luichi Casilla,COL,,19.5777777,36.0,0.16184971,0.32947977,0.602409638,7.0,4.49530909533302,
,Joseph Montalvo,TEX,,22.2222222,78.0,0.08024691,0.27160494,0.343283582,3.0,3.885278845139039,
,Jarlin Susana,WSN,,20.3361111,103.2,0.10810811,0.3536036,0.599118942,4.340836438816126,2.5476851693193963,
,Fernando Perez,TOR,,20.45,82.0,0.07207207,0.25825826,0.437209302,4.060975609756097,3.537908703379516,
,Alfred Morillo,ARI,,22.6944444,37.1,0.13636364,0.29220779,0.524390243,2.4107146141480875,4.034748248169064,
,Richard Fernandez,OAK,,21.8388888,1.0,0.0,0.33333333,0.0,0.0,2.697346639633179,
,Angel Benitez,NYY,,20.8722222,10.1,0.25,0.25,0.545454545,1.7419360197547236,5.554146522237294,
,Anyer Laureano,CIN,,21.5694444,54.0,0.1622807,0.35526316,0.466666666,3.0,3.4442270136541797,
,Marcos Herrera,COL,,19.7861111,43.2,0.13793103,0.19211823,0.523076923,5.770991694211108,5.840973601055281,
,Wellington Aracena,NYM,,19.575,40.2,0.20192308,0.26923077,0.495049504,7.303279830319737,5.01373447611837,
,Yu-Min Lin,ARI,,21.0333333,104.2,0.08714597,0.22222222,0.456375838,4.471338020551755,4.051247202481148,
,Luis De Leon,BAL,,21.2777777,87.2,0.12158809,0.2630273,0.6,4.619771595086995,3.60985861362564,
,Jhancarlos  Lara,ATL,,21.525,82.2,0.16172507,0.25336927,0.532338308,3.9193546879924233,4.436360623031904,
,Chalniel Arias,NYY,,20.8694444,5.2,0.0,0.23809524,0.6,1.588234403142142,2.800671289177841,
,Francis Pena,SDP,,23.4972222,63.0,0.07058824,0.25098039,0.570552147,2.4285714285714284,3.32732240757439,
,Santiago Suarez,TBR,,19.5361111,111.2,0.046875,0.25669643,0.386138613,4.110448135644544,2.9913281288768294,
,Carlos Lagrange,NYY,,21.1638888,21.0,0.2,0.27,0.44680851,6.857142857142857,5.156890264128041,
,Sabier Marte,NYY,,20.4555555,49.0,0.0776699,0.21359223,0.582089552,2.7551020408163267,3.754690999644144,
,Elmer Rodriguez-Cruz,BOS,,20.9333333,89.2,0.11466667,0.272,0.502304147,2.9107805659503097,3.469041635745157,
,Ovis Portes,BOS,,19.6416666,39.0,0.16477273,0.28409091,0.417582417,3.692307692307693,4.307463191143977,
,Luis German,SDP,,22.7777777,41.2,0.26511628,0.21860465,0.561224489,6.263999235351656,6.997119408137511,
,Joel Hurtado,LAA,,23.4666666,140.0,0.1328125,0.2125,0.521518987,4.821429035341298,4.792987850327827,
,Matt Pushard,MIA,,26.7416666,55.1,0.07894737,0.29824561,0.375939849,2.277108643047713,3.13171430397465,
,T.J. Brock,TOR,,24.9555555,14.1,0.16949153,0.40677966,0.458333333,1.2558142528978218,3.1889400378047594,
,Jacob Miller,MIA,,20.9555555,114.2,0.07068607,0.19334719,0.470588235,3.845930573745601,3.8068255124401382,
,Tyler Woessner,MIL,,24.7444444,79.2,0.14058355,0.21485411,0.445887445,6.665271540987563,5.101111505343859,
,Liam Simon,SFG,,23.7722222,10.1,0.30645161,0.25806452,0.38095238,12.193552138283064,9.005242836981804,
,Tyler Stuart,NYM,,24.7944444,127.1,0.07366483,0.25230203,0.467236467,4.0994762351012985,3.570250980253364,
,Cy Nielson,PIT,,23.4138888,61.1,0.10622711,0.2967033,0.423841059,3.815216869756735,3.668732851498725,
,Marcus Johnson,TBR,,23.6194444,17.1,0.04615385,0.21538462,0.375,2.076922315112512,3.957213859781725,
,Owen Murphy,ATL,,20.825,41.2,0.08074534,0.38509317,0.2875,2.375999808528916,3.0940286424347163,
,Braden Nett,SDP,,22.1,65.0,0.13986014,0.25524476,0.466666666,3.876923190686833,4.034573864316711,
,Blake Burkhalter,ATL,,23.8472222,72.0,0.06164384,0.23630137,0.376884422,3.0000005662442324,3.879690831748375,
,Dylan Ray,ARI,,23.2083333,73.1,0.103125,0.23125,0.370192307,5.031818645330543,4.190957485612089,
,JR Ritchie,ATL,,21.0777777,49.2,0.08292683,0.27317073,0.463414634,2.8993293415464034,3.627092166163952,
,Chris Campos,LAD,,23.9472222,110.1,0.06637168,0.26106195,0.341216216,3.425982031046336,3.589038142364368,
,Spencer Giesting,ARI,,23.0611111,141.1,0.07482993,0.26190476,0.430107526,3.3113208738838367,3.4217295211336487,
,Jack Choate,SFG,,23.2666666,114.2,0.0766129,0.2641129,0.376237623,3.845930573745601,3.816233841146169,
,Reggie Crawford,SFG,,23.6388888,18.1,0.15384615,0.38461538,0.344827586,2.9454535239987725,4.10802579448405,
,Hayden Wynja,SFG,,25.7777777,56.1,0.09090909,0.23320158,0.220125786,4.952663169062974,4.775519240514281,
,Spencer Miles,SFG,,23.9944444,7.1,0.0625,0.3125,0.526315789,4.90909303712543,3.172540428099324,
,Dalton Rogers,BOS,,22.5166666,82.2,0.12919897,0.22997416,0.458149779,5.116936113534265,4.318805942781841,
,Michael Prosecky,COL,,23.4,48.2,0.09722222,0.36111111,0.348623853,4.438355874469452,3.2464522839176726,
,Trace Bright,BAL,,23.7444444,112.0,0.12269939,0.24539877,0.372881355,4.178571428571429,4.2457385702590855,
,C.J. Culpepper,MIN,,22.7277777,58.1,0.07531381,0.26778243,0.513333333,3.5485717379823294,3.086367449522525,
,Andrew Morris,MIN,,22.8972222,133.0,0.05904059,0.24538745,0.45054945,2.3684207809080218,3.483789128214106,
,Eric Adler,CHW,,23.7833333,40.0,0.14906832,0.32298137,0.614457831,3.15,3.2336092960089444,
,Austin Krob,SDP,,24.8388888,125.0,0.08178439,0.22304833,0.509803921,4.392,3.636338834285736,
,Brody McCullough,CHC,,24.0666666,14.2,0.08928571,0.26785714,0.416666666,1.8409086919028776,3.4312582465874804,
,David Sandlin,BOS,,23.425,57.1,0.07287449,0.33198381,0.305555555,5.337208710469899,3.096949567522736,
,Trevor Martin,TBR,,23.6083333,124.0,0.07490637,0.26404494,0.361764705,4.500000064892155,3.645403926209081,
,Kenya Huggins,CIN,,21.6166666,8.0,0.10714286,0.25,0.5,1.125,3.617771490290761,
,Adam Serwinowski,CIN,,20.1305555,85.2,0.12328767,0.29041096,0.431372549,3.57198485995458,3.8678380410093793,
,Karson Milbrandt,MIA,,20.2583333,97.2,0.12984055,0.20728929,0.402173913,4.331058471581622,4.645767373892377,
,Dylan Lesko,SDP,,20.8805555,84.0,0.19230769,0.25641026,0.279187817,6.964286821229293,5.5352107038912814,
,Chase Hampton,NYY,,22.9638888,19.2,0.12345679,0.22222222,0.372549019,2.2881352511058246,4.594386065036123,
,Brandon Barriera,TOR,,20.3888888,1.1,0.125,0.125,0.6,13.500033393584838,6.555878621358154,
,Cory Lewis,MIN,,23.7916666,79.0,0.12121212,0.27878788,0.37696335,2.5063291139240507,3.9898318544973295,
,Lucas Wepf,LAD,,24.5861111,58.1,0.10569106,0.34146341,0.291338582,4.011428790034092,3.226895000003606,
,Robby Snelling,SDP,,20.5972222,118.1,0.08846154,0.225,0.441260744,5.019718525619228,3.78785773028864,
,Brock Porter,TEX,,21.1416666,19.1,0.23762376,0.17821782,0.208333333,6.982759768841146,9.026627062476203,
,Brycen Mautz,STL,,23.0194444,122.0,0.08719852,0.2393321,0.394285714,5.163934997667679,3.9883264412652624,
,Cooper Hjerpe,STL,,23.3555555,54.1,0.13392857,0.35714286,0.425925925,3.147238785046253,3.4882596424947154,
,Noah Dean,BOS,,23.3722222,79.2,0.15789474,0.33918129,0.443708609,4.518828920697775,3.910289089928821,
,Marques Johnson,SFG,,24.0555555,7.1,0.24242424,0.36363636,0.416666666,2.454546518562715,5.2691304806203965,
,Peyton Pallette,CHW,,23.2083333,82.1,0.09550562,0.26685393,0.434579439,4.372469905743303,3.791187596075542,
,Cole Paplham,SDP,,24.3472222,9.2,0.11627907,0.25581395,0.5,4.655175547291476,4.011232486564092,
,Brandon Birdsell,CHC,,24.3361111,135.2,0.05429072,0.23467601,0.402035623,3.9140052074839295,3.63314086523668,
,Pete Hansen,STL,,23.9888888,128.1,0.07387387,0.24144144,0.393939393,3.8571425514009112,3.654837951116768,
,Chris McElvain,TOR,,23.8583333,49.1,0.09589041,0.24657534,0.374100719,4.560811281030117,3.956395273691451,
,Connor Prielipp,MIN,,23.5388888,23.1,0.07692308,0.45054945,0.384615384,2.700000367845858,1.72654027232939,
,Trey Dombroski,HOU,,23.3638888,97.2,0.07017544,0.24561404,0.357142857,5.8976107295426665,3.93976046421098,
,Connor Noland,CHC,,25.0111111,134.0,0.06371681,0.20530973,0.480099502,3.492537313432836,3.684956870731108,
,Thomas  Balboni Jr.,SDP,,24.05,44.1,0.14009662,0.38164251,0.417582417,5.075188552189711,3.5940156319719674,
,Isaiah Lowe,SDP,,21.2138888,105.1,0.10267857,0.24776786,0.322580645,3.3322786419194204,4.575778644162408,
,Tyler Gough,SEA,,20.95,96.2,0.11483254,0.23923445,0.4,4.28275907137736,4.675240231853943,
,Payton Martin,LAD,,20.1805555,72.0,0.11111111,0.17142857,0.375,3.750000099341077,5.009873859178147,
,Michael Knorr,HOU,,24.2,39.2,0.11363636,0.26704545,0.4,5.899158907445198,3.780949474289697,
,Andrew Taylor,HOU,,22.8361111,13.2,0.08064516,0.27419355,0.5,5.268291457503841,3.4660192811459103,
,Steven Zobac,KCR,,23.7777777,126.0,0.05609284,0.23791103,0.370056497,3.6428575840126634,3.7085660871413033,
,Wen Hui Pan,PHI,,21.8472222,29.1,0.075,0.29166667,0.428571428,2.147727505480973,3.4817043756953074,
,Alex Cook,TBR,,23.3194444,38.1,0.07843137,0.26143791,0.443298969,1.643478478934708,3.617127910605261,
,Adam Maier,ATL,,22.6611111,83.1,0.0698324,0.21787709,0.504132231,4.103999592956583,3.4547882357882296,
,Marcelo Perez,SEA,,24.6888888,108.2,0.06299213,0.18700787,0.384615384,7.122699928255018,4.488921824118873,
,Jackson Ferris,LAD,,20.525,126.2,0.10754717,0.27358491,0.433656957,3.1973686296854127,3.676862607532508,
,Will Rudy,MIL,,23.2138888,113.1,0.07659574,0.22553191,0.394984326,4.605882559647619,3.938938372022903,
,Henry Williams,KCR,,22.85,102.2,0.09241706,0.21800948,0.434628975,3.681818546623978,3.910894558338928,
,Darren Bowen,MIN,,23.475,72.2,0.07926829,0.21646341,0.357466063,6.068808189015266,4.134765516585927,
,Noah Schultz,CHW,,20.9694444,88.1,0.06703911,0.32122905,0.517241379,2.2415095146290587,2.6896613828404448,
,Zack Showalter,STL,,20.5027777,34.1,0.11764706,0.38562092,0.439393939,2.621359611638576,3.022386302518536,
,Gary Gill Hill,TBR,,19.8444444,108.2,0.06235566,0.24249423,0.481228668,3.147239558423709,3.2387585867079483,
,Jesus Tillero,LAD,,18.2277777,20.2,0.1443299,0.19587629,0.566666666,5.225805647787641,6.099081499800011,
,Francis Texido,LAA,,19.3138888,98.1,0.16596639,0.21848739,0.287234042,6.772881706257537,6.040065970532959,
,Yeferson Vargas,BOS,,19.9722222,66.1,0.11397059,0.24632353,0.476190476,2.713567579109577,4.327500262654651,
,Carlos Castillo,PIT,,18.4722222,48.2,0.10762332,0.19282511,0.406666666,4.808218675564421,4.553515556160727,
,Adrian  Bohorquez,MIN,,19.3916666,53.0,0.12328767,0.28310502,0.373983739,3.226414978228336,4.103384976685293,
,Yordin Chalas,ARI,,20.4777777,50.2,0.11607143,0.32142857,0.463414634,4.085526059456496,3.4275711250549667,
,Enniel Cortez,MIL,,18.2305555,48.0,0.06132075,0.24056604,0.398601398,5.4375,4.096945432343226,
,Jerson Alejandro,NYY,,18.4194444,37.2,0.18888889,0.31666667,0.464788732,5.017698437486708,5.3803972873250725,
,Kohl Drake,TEX,,24.0194444,106.0,0.07416268,0.35406699,0.376623376,2.292452788938616,2.7931296082104256,
,Michael Kennedy,PIT,,19.65,83.2,0.05555556,0.27777778,0.437788018,3.657370378966526,3.2263081217647365,
,Jackson  Humphries,CLE,,20.0111111,79.0,0.12312312,0.29129129,0.379679144,4.556962025316456,3.7081690625299375,
,Jeter Martinez,SEA,,18.4388888,39.2,0.16847826,0.26630435,0.505263157,3.857142362560322,5.6362094289120135,
,David Matoma,PIT,,18.4777777,22.0,0.09782609,0.30434783,0.396226415,0.8181818181818182,3.38449994887818,
,Keyner Benitez,MIA,,18.1694444,69.2,0.09929078,0.27304965,0.417647058,2.7129184622208107,3.5684684111670206,
,Jacob Wosinski,MIN,,25.375,64.1,0.11913357,0.23826715,0.380116959,4.196891523520635,4.36885015240823,
,Alexis De La Cruz,PHI,,19.8444444,18.1,0.20430108,0.10752688,0.393442622,8.836365168548094,7.6633047660819615,
,Carlos Mateo,PIT,,18.7472222,23.0,0.26717557,0.16030534,0.539682539,11.73913043478261,8.598089664137882,
,Yohanfer Santana,MIA,,18.7805555,7.0,0.12903226,0.38709677,0.384615384,9.0,3.6821603346083847,
,Jose Urbina,TBR,,18.7277777,65.0,0.10622711,0.20879121,0.363128491,4.707692307692308,4.59774618687538,
,Ashton Izzi,SEA,,20.6833333,110.2,0.12240664,0.19709544,0.440894568,2.846385803809642,5.22442193744504,
,Trent Harris,SFG,,25.5055555,79.2,0.08223684,0.34539474,0.482558139,1.807531308627775,2.891575663368229,
,Ruddy Navarro,SEA,,18.0083333,12.0,0.04255319,0.34042553,0.8,0.75,2.653203707312545,
,Samuel Carpio,MIA,,21.2166666,21.2,0.12222222,0.31111111,0.531914893,2.4923073266385405,3.720381334746333,
,Camden Minacci,LAA,,22.5277777,52.0,0.10043668,0.31877729,0.4453125,3.2884615384615383,2.876406308885747,
,Skylar Hales,TEX,,22.75,56.2,0.07391304,0.28695652,0.384615384,3.1764704100401038,3.4853415799303504,
,Ryan Lobus,TEX,,23.8777777,94.1,0.05882353,0.35828877,0.38,2.957597392412943,2.6445559422623197,
,Colby Langford,HOU,,22.2333333,57.2,0.19318182,0.28787879,0.357142857,5.462427263872685,5.015670515019339,
,Izack Tiger,TEX,,23.4611111,46.0,0.10994764,0.30890052,0.457943925,2.93478200025517,3.467046637104516,
,Chen-Wei Lin,STL,,22.6722222,116.0,0.07792208,0.26623377,0.453287197,2.793103448275862,3.3758825627380404,
,Will Johnston,OAK,,23.6166666,99.2,0.0968523,0.33171913,0.390350877,3.8829435401272,3.0371926567627194,
,Noble Meyer,MIA,,19.5388888,74.0,0.171875,0.265625,0.371257485,4.013513513513513,4.858510862371406,
,Seth Keener,CHW,,22.8055555,69.1,0.12244898,0.27891156,0.461077844,4.024038756740185,3.787735075517853,
,Lucas Braun,ATL,,22.9111111,143.2,0.07179487,0.27692308,0.375,3.2575408339031484,3.243887449835527,
,Patrick Reilly,PIT,,22.7972222,119.1,0.12016293,0.29735234,0.332116788,3.469273835434563,3.909196922562435,
,T.J. Nichols,TBR,,22.0833333,71.1,0.07638889,0.22916667,0.494949494,2.901869365789778,3.3916113194717696,
,Cade Denton,COL,,22.5722222,39.2,0.06432749,0.19298246,0.5,3.6302526827023103,4.588274430225702,
,Barrett Kent,LAA,,19.8194444,113.0,0.1184466,0.24271845,0.382636655,6.212389380530974,5.050344683810145,
,Andrew Dunford,DET,,19.5527777,0.1,0.8,0.0,1.0,108.00107825878908,39.82293756366985,
,Brett Banks,NYM,,22.8083333,15.0,0.12698413,0.25396825,0.538461538,3.599999942779542,4.100032188903543,
,Joe Whitman,SFG,,22.8527777,103.0,0.08428246,0.24601367,0.43006993,4.631067961165049,4.030784588472808,
,Isaiah Coupet,COL,,21.825,86.0,0.07180851,0.31648936,0.43119266,5.337209302325581,3.5414074667664464,
,Jack Mahoney,COL,,22.9472222,120.0,0.06036217,0.23138833,0.505882352,3.9000004339218624,3.787302559461354,
,James Hicks,HOU,,23.2083333,106.0,0.06318083,0.25054466,0.435643564,3.820754716981132,3.522620247121587,
,Sean Sullivan,COL,,22.0055555,115.1,0.03378378,0.28153153,0.311643835,2.1069365091020225,3.2256002432918205,
,Caden Grice,ARI,,22.1083333,50.1,0.13302752,0.31192661,0.486725663,3.7549672668626055,4.308128712707791,
,Cody Adcock,CIN,,22.0916666,50.2,0.12162162,0.27027027,0.390243902,3.907894491654039,4.220903296206769,
,Josh Ekness,MIA,,22.4638888,66.0,0.09701493,0.30970149,0.425675675,1.9090909090909087,3.4789545708307714,
,Kade Morris,NYM,,22.0916666,136.0,0.07601351,0.20439189,0.4975,4.499999558224441,4.091471617006484,
,Hayden Mullins,BOS,,23.8611111,89.0,0.10796915,0.3033419,0.426540284,3.943820224719101,3.6984141983342975,
,Thomas White,MIA,,19.8194444,96.0,0.09245742,0.2919708,0.462809917,2.8125,3.218917189755788,
,Owen Wild,TBR,,21.9833333,121.1,0.06237425,0.30382294,0.337662337,2.81868143683974,3.226956646650456,
,Drue Hackenberg,ATL,,22.3138888,129.0,0.11334552,0.26325411,0.539184952,3.0697674872489675,3.6992252696834056,
,Cade Kuehler,ATL,,22.1666666,53.0,0.1038961,0.20779221,0.4,3.7358490566037736,4.316967694658153,
,Garrett Baumann,ATL,,19.9416666,99.0,0.05651106,0.21867322,0.480565371,3.1818181818181817,3.4114096505172324,
,Landen Maroudis,TOR,,19.6055555,10.2,0.10526316,0.31578947,0.666666666,0.8437497485429798,2.9460465996003453,
,Juaron Watts-Brown,TOR,,22.4194444,103.0,0.13245033,0.28918322,0.398406374,4.718446601941747,4.026036637443695,
,Austin Strickland,SFG,,22.15,50.1,0.11304348,0.2173913,0.531034482,4.470198110845943,4.466667301061388,
,Jackson Finley,OAK,,23.8583333,83.1,0.10880829,0.24352332,0.423580786,5.616000342773458,4.873951329905886,
,Quinn Mathews,STL,,23.8055555,143.1,0.08596491,0.35438596,0.468646864,2.7627905751254693,2.717263416351195,
,Josh Knoth,MIL,,18.9555555,84.1,0.11080332,0.26592798,0.449074074,4.482213709063848,3.573783701323292,
,Alex Clemmey,CLE,,19.0166666,92.1,0.16112532,0.31457801,0.52020202,4.581227689184068,3.551161821490381,
,George Klassen,PHI,,22.4944444,93.0,0.12010444,0.35248042,0.479381443,3.096774193548387,2.9975223459680205,
,Kyle Carr,NYY,,22.2166666,104.0,0.12168142,0.21017699,0.496575342,4.759615384615385,4.378761473068824,
,Charlee Soto,MIN,,18.9,74.0,0.1,0.26363636,0.489898989,5.22972972972973,3.5984401749598014,
,Jackson Baumeister,BAL,,22.0388888,99.2,0.11622276,0.32687651,0.386046511,2.528428351710735,3.615253462378099,
,Hunter Owen,KCR,,22.4833333,102.0,0.0754717,0.18867925,0.408163265,4.235294117647059,4.265006793056633,
,Jojo Ingrassia,BOS,,22.0,58.1,0.08510638,0.39574468,0.52173913,1.8514287328603456,1.93936984985838,
,Michael Forret,BAL,,20.3,99.2,0.10208817,0.28770302,0.433884297,3.882942945655494,3.6961998976260175,
,Tanner Hall,MIN,,22.35,65.0,0.09556314,0.25255973,0.56,5.399999841543349,3.5578788257440075,
,Nick Dean,CHC,,23.5777777,90.2,0.06970509,0.230563,0.40625,3.573529211295116,3.709893030602259,
,Zach Fruit,BAL,,22.2833333,107.0,0.12222222,0.25111111,0.466911764,3.02803738317757,4.114106451462362,
,Will Sanders,CHC,,22.3166666,96.2,0.10022779,0.24829157,0.420074349,4.655172903671044,3.8150222493501023,
,Drew Dowd,TBR,,22.5583333,110.2,0.09911894,0.21806167,0.408163265,2.846385803809642,4.077371879342738,
,Blake Wolters,KCR,,19.7472222,55.2,0.10121457,0.18623482,0.464705882,4.20359243028904,4.208244071731281,
,Eriq Swan,LAD,,22.7333333,28.1,0.12781955,0.2556391,0.381578947,5.7176457758183705,4.739667128952608,
,Brody Hopkins,SEA,,22.5166666,115.0,0.10838446,0.27198364,0.518382352,3.0521742673993297,4.318843373545321,
,Alonzo Tredwell,HOU,,22.2111111,57.0,0.14785992,0.26070039,0.476190476,5.368421052631579,3.8557274353608753,
,Bishop Letson,MIL,,19.8583333,63.1,0.10505837,0.22178988,0.481481481,3.1263160405463,4.244549342674404,
,Alejandro Rosario,TEX,,22.55,88.1,0.03714286,0.36857143,0.492462311,2.241509563029138,1.8528294565008967,
,Travis Sykora,WSN,,20.2388888,85.0,0.08206687,0.39209726,0.4251497,2.3294117647058825,2.140457465017543,
,Steven Echavarria,OAK,,18.9666666,57.2,0.12765957,0.20921986,0.458100558,6.554912716647222,5.347869080209485,
,Nazier Mule,CHC,,19.775,52.0,0.17948718,0.18376068,0.518248175,4.326923235633675,5.6598666549157866,
,Cole Schoenwetter,CIN,,19.8138888,52.1,0.16,0.264,0.421428571,6.535030815034604,5.270994664710172,
,Zander Mueth,PIT,,19.0888888,74.0,0.15060241,0.23795181,0.480225988,2.310810870371918,5.00181937168956,
,Paul Wilson,DET,,19.6194444,35.1,0.19889503,0.1878453,0.471698113,6.622642462768909,6.138569751280013,
,Hyun-Seok Jang,LAD,,20.3611111,36.2,0.1626506,0.40963855,0.348484848,6.1363647003806205,4.088569229070687,
,Hiro Wyatt,KCR,,19.9138888,60.2,0.09505703,0.23574144,0.469135802,3.857142533761954,4.575117644025934,
,Adrian Herrera,CIN,,19.9555555,60.1,0.09737828,0.26966292,0.331168831,5.519336260470276,4.794403310865445,
,Jordan Woods,KCR,,20.7,31.0,0.08270677,0.30075188,0.354430379,4.645161290322581,4.374734346808926,
,Trevor Harrison,TBR,,18.9611111,72.2,0.08783784,0.29391892,0.394444444,3.344036463183729,3.23893611591408,
,Jaxon Wiggins,CHC,,22.8083333,59.2,0.14173228,0.27952756,0.506944444,4.374301442924081,3.7954329608763193,
,Alex Makarewich,LAD,,22.5194444,32.0,0.21264368,0.25862069,0.325301204,9.28125,6.581684146588668,
,Wyatt Crowell,LAD,,22.7805555,43.2,0.12698413,0.31216931,0.565217391,3.091603503569902,4.319716285787406,
,Branneli Franco,STL,,17.4694444,38.0,0.13333333,0.20555556,0.405405405,6.157894736842105,4.915883240593892,
,Yoel Roque,MIN,,17.5083333,24.2,0.21323529,0.24264706,0.382352941,6.932431539015958,5.710021803591639,
,Erick Matos,OAK,,17.5111111,34.1,0.18300654,0.18300654,0.478260869,3.145631533966292,5.524125563027377,
,Anderson Brito,HOU,,20.0472222,53.2,0.09952607,0.38862559,0.387755102,1.5093169489933924,2.834260547336757,
,Reiner Lopez,STL,,18.2861111,11.2,0.14925373,0.14925373,0.552631578,8.485711973541267,6.810543703663209,
,Caden Scarborough,TEX,,19.3138888,10.1,0.16981132,0.24528302,0.266666666,6.967744079018894,5.594123253785257,
,Tanner Kiest,SFG,,29.8555555,61.2,0.11742424,0.27272727,0.452702702,2.918919321426659,4.08276726217792,
,Sam McWilliams,CHC,,28.8888888,71.2,0.13496933,0.29754601,0.377777777,6.5302333112586535,4.549888229314619,
,Harold Chirino,MIL,,26.5333333,47.2,0.1440678,0.21610169,0.419580419,6.230768597081184,5.199587349257892,
,Daison Acosta,WSN,,25.9166666,58.2,0.1124498,0.32931727,0.409090909,2.607954404139822,3.142676714441877,
