playerId,PlayerName,Org,Level,Age,PA,BB%,K%,OBP,SLG,ISO,wRC+
18217.0,Brett Sullivan,SDP,,29.6083333,301,0.109634551,0.093023255,0.395348837,0.503875968,0.182170542,111.11294285587329
18603.0,Donny Sands,DET,,27.375,419,0.109785202,0.21718377,0.312649164,0.351498637,0.122615804,74.06185268768952
19553.0,Simon Muzziotti,PHI,,24.7611111,543,0.082872928,0.156537753,0.350553505,0.396341463,0.105691057,89.77637617356055
19964.0,Eguy Rosario,SDP,,24.1,195,0.107692307,0.205128205,0.364102564,0.462427745,0.179190751,90.54014689915608
20002.0,Bryce Johnson,SFG,,27.9555555,350,0.117142857,0.234285714,0.380403458,0.448160535,0.163879599,114.7495341457626
20599.0,Ivan Herrera,STL,,23.3333333,386,0.202072538,0.207253886,0.453367875,0.496644295,0.197986577,147.1552882831026
20805.0,Carlos Perez,CHW,,27.0583333,321,0.059190031,0.130841121,0.29906542,0.410169491,0.166101695,65.79948021288635
21587.0,Cesar Salazar,HOU,,27.5444444,249,0.136546184,0.136546184,0.366935483,0.304123711,0.103092784,90.2018025906551
21797.0,Andres Chaparro,NYY,,24.4083333,643,0.107309486,0.214618973,0.335925349,0.4625,0.210714286,97.34184878842488
22254.0,Joe Perez,PIT,,24.1361111,519,0.109826589,0.269749518,0.346820809,0.435164835,0.173626374,103.98700549433696
22266.0,Xavier Edwards,MIA,,24.1444444,452,0.117256637,0.075221238,0.426339285,0.454780361,0.103359173,133.58071797579456
22274.0,Samad Taylor,KCR,,25.2222222,443,0.153498871,0.198645598,0.417607223,0.486111111,0.180555556,128.86730027235606
22515.0,Heliot Ramos,SFG,,24.0666666,305,0.098360655,0.245901639,0.371710526,0.543396226,0.249056604,127.32407471870631
22541.0,George Valera,CLE,,22.8833333,344,0.15988372,0.264534883,0.348837209,0.393617021,0.173758865,90.13178102098932
22557.0,Michael Siani,CIN,,24.2083333,519,0.150289017,0.238921001,0.34496124,0.344110854,0.115473441,79.97348738934511
22566.0,Tirso Ornelas,SDP,,23.5555555,565,0.120353982,0.191150442,0.366371681,0.442857142,0.163265306,109.33539874534316
22842.0,Alexander Canario,CHC,,23.4,233,0.107296137,0.274678111,0.356223175,0.487804878,0.214634147,108.67052014870814
22906.0,Israel Pineda,WSN,,23.4944444,159,0.056603773,0.289308176,0.232704402,0.265306122,0.088435374,37.667767249821765
23264.0,Canaan Smith-Njigba,PIT,,24.4194444,499,0.116232464,0.260521042,0.370741482,0.485125858,0.199084669,116.85236807774196
23296.0,Jacob Amaya,MIA,,25.0777777,586,0.121160409,0.196245733,0.336177474,0.39363817,0.149105367,89.09846481229143
23690.0,Brayan Rocchio,CLE,,22.7166666,567,0.109347442,0.126984126,0.363315696,0.41532258,0.137096774,100.65927285453046
23691.0,Jose Tena,CLE,,22.5305555,455,0.105494505,0.294505494,0.353200883,0.403061224,0.135204082,109.39485590813118
23695.0,Everson Pereira,NYY,,22.475,359,0.097493036,0.292479108,0.376044568,0.544303797,0.243670886,141.6755059263107
23698.0,Ronny Mauricio,NYM,,22.4916666,567,0.065255731,0.181657848,0.342151675,0.514340344,0.225621415,107.049088032042
23772.0,Wilyer Abreu,BOS,,24.2694444,380,0.163157894,0.205263157,0.392105263,0.54313099,0.268370607,130.79187876352125
23782.0,Leo Jimenez,TOR,,22.3722222,431,0.097447795,0.167053364,0.366589327,0.395663956,0.127371274,112.88517068047211
23788.0,Jordyn Adams,LAA,,23.9527777,527,0.115749525,0.280834914,0.361904761,0.469162995,0.193832599,100.0284013901477
23789.0,Blaze Alexander,ARI,,24.3055555,346,0.121387283,0.268786127,0.394202898,0.465034965,0.178321679,106.02070028044491
23790.0,Will Banfield,MIA,,23.8694444,495,0.05050505,0.246464646,0.301619433,0.47161572,0.213973799,99.07198698635104
23800.0,Parker Meadows,DET,,23.9138888,562,0.108540925,0.243772241,0.340463458,0.497959183,0.236734694,110.83176752546522
23917.0,Jorbit Vivas,LAD,,22.5611111,636,0.110062893,0.119496855,0.379146919,0.404174573,0.136622391,113.42874484684457
23968.0,Jorge Barrosa,ARI,,22.6222222,503,0.161033797,0.163021868,0.394789579,0.456310679,0.182038835,102.62867679742824
23986.0,Curtis Mead,TBR,,22.9305555,316,0.120253164,0.170886075,0.370253164,0.505576208,0.223048327,116.30311584365556
24257.0,Jhonkensy Noel,CLE,,22.2111111,602,0.083056478,0.247508305,0.300664451,0.417602996,0.200374532,77.84003899747647
24262.0,Ceddanne Rafaela,BOS,,23.0361111,519,0.052023121,0.210019267,0.341698841,0.5,0.203781513,114.24884285498054
24388.0,Jose Rodriguez,CHW,,22.3833333,501,0.039920159,0.219560878,0.289421157,0.431865828,0.171907757,84.05499684740819
24597.0,Jonathan Ornelas,TEX,,23.3472222,557,0.140035906,0.229802513,0.368705035,0.367521367,0.111111111,92.31326793071
24598.0,Addison Barger,TOR,,23.8861111,456,0.129385964,0.208333333,0.353070175,0.396419437,0.145780051,96.2906563573092
24765.0,Bryan Lavastida,CLE,,24.8444444,479,0.118997912,0.183716075,0.336842105,0.37037037,0.133333333,91.40657611554602
24816.0,Andy Pages,LAD,,22.8138888,171,0.187134502,0.233918128,0.432748538,0.457364341,0.186046512,141.62497708713892
24878.0,Heriberto Hernandez,TBR,,23.7916666,479,0.158663883,0.28183716,0.374736842,0.41025641,0.161538462,114.89349530075349
25346.0,Ronny Simon,TBR,,23.4555555,581,0.110154905,0.22030981,0.336206896,0.403960396,0.154455446,95.79732075533504
25425.0,Austin Shenton,TBR,,25.6916666,605,0.165289256,0.267768595,0.424793388,0.578093306,0.273833672,156.6324639721734
25448.0,Greg Jones,TBR,,25.5666666,301,0.083056478,0.398671096,0.313333333,0.414179104,0.175373134,83.51828664046948
25493.0,Joey Ortiz,BAL,,25.2138888,403,0.084367245,0.17369727,0.377171215,0.506925207,0.188365651,123.46413224863096
25505.0,Cade Marlowe,SEA,,26.2694444,398,0.105527638,0.253768844,0.339195979,0.457142857,0.2,94.18213010683948
25543.0,Korey Lee,CHW,,25.1833333,392,0.056122448,0.265306122,0.326530612,0.394520547,0.117808219,83.82566448222856
25616.0,Marco Luciano,SFG,,21.9777777,320,0.14375,0.3125,0.334375,0.442379182,0.219330855,109.39987064114806
25621.0,Bryan Ramos,CHW,,21.5527777,380,0.105263157,0.215789473,0.361702127,0.45398773,0.18404908,119.61943808270848
25643.0,Drew Millas,WSN,,25.7111111,338,0.130177514,0.150887573,0.390532544,0.437062937,0.146853147,120.00973157858144
25690.0,Grant McCray,SFG,,22.8166666,601,0.123128119,0.294509151,0.358333333,0.41453831,0.161100197,115.14967455393978
25705.0,Dustin Harris,TEX,,24.2305555,582,0.146048109,0.230240549,0.374570446,0.428865979,0.171134021,107.28877751228156
25782.0,Pedro Pages,STL,,25.0388888,522,0.120689655,0.197318007,0.358237547,0.429213483,0.168539326,106.4314047188589
25813.0,Grae Kessinger,HOU,,26.1,263,0.155893536,0.201520912,0.396946564,0.44549763,0.165876777,120.69085839224137
25817.0,Braden Shewmake,ATL,,25.8666666,561,0.073083778,0.196078431,0.303030303,0.40990099,0.17029703,78.08035344224494
25822.0,Andre Lipcius,DET,,25.3583333,485,0.115463917,0.173195876,0.358762886,0.438388625,0.163507109,108.48300517318587
25844.0,Logan Davidson,OAK,,25.7916666,448,0.098214285,0.25,0.348993288,0.4160401,0.142857143,90.3043573643552
25867.0,Ryan Kreidler,DET,,25.8861111,323,0.133126934,0.256965944,0.346749226,0.434306569,0.197080292,104.99957502313656
25967.0,Orelvis Martinez,TOR,,21.8666666,563,0.124333925,0.23268206,0.344144144,0.50533049,0.257995736,119.24155321630326
25971.0,Kevin Alcantara,CHC,,21.2194444,450,0.082222222,0.242222222,0.346666666,0.46419753,0.177777777,124.70800086980404
25979.0,Nasim Nunez,MIA,,23.1194444,594,0.148148148,0.181818181,0.342905405,0.287148594,0.060240964,79.00000905515918
25999.0,Victor Mesa Jr.,MIA,,22.0638888,545,0.075229357,0.227522935,0.310661764,0.41902834,0.172064778,91.97815706171548
26149.0,Dominic Fletcher,ARI,,26.0805555,346,0.121387283,0.193641618,0.394202898,0.49134948,0.204152249,109.2032911772244
26224.0,Darell Hernaiz,OAK,,22.1611111,565,0.088495575,0.132743362,0.388193202,0.460159362,0.135458167,114.22599362833374
26244.0,Kenedy Corona,HOU,,23.5277777,537,0.098696461,0.266294227,0.332089552,0.452631578,0.2,106.71522341137305
26319.0,Michael Busch,LAD,,25.8944444,505,0.138613861,0.194059405,0.427722772,0.612826603,0.29216152,154.3954388405814
26365.0,Jonny DeLuca,LAD,,25.225,355,0.107042253,0.163380281,0.394366197,0.559602649,0.264900663,141.19714015425092
26374.0,Kameron Misner,TBR,,25.7305555,543,0.173112338,0.362799263,0.357933579,0.443438914,0.221719457,100.91365915788155
26420.0,Kyren Paris,LAA,,21.8888888,535,0.170093457,0.29906542,0.392120075,0.420323325,0.163972286,126.04566914654116
26469.0,Davis Wendzel,TEX,,26.3555555,558,0.137992831,0.236559139,0.360861759,0.480603448,0.241379311,106.88901351690085
26477.0,Spencer Horwitz,TOR,,25.8805555,504,0.156746031,0.148809523,0.446428571,0.487804878,0.151219513,145.23845465025556
26517.0,Noelvi Marte,CIN,,21.9583333,429,0.1002331,0.174825174,0.354312354,0.445623342,0.164456234,103.519071939152
26536.0,Warming Bernabel,COL,,21.3194444,374,0.045454545,0.200534759,0.280748663,0.36,0.125714286,70.87228111522683
26540.0,Angel Martinez,CLE,,21.6916666,620,0.080645161,0.203225806,0.320325203,0.395644283,0.145190563,94.47451761464929
26546.0,Agustin Ramirez,NYY,,22.0583333,495,0.125252525,0.173737373,0.365656565,0.457746478,0.185446009,125.41131839543505
26548.0,Luisangel Acuna,NYM,,21.5527777,592,0.089527027,0.1875,0.360406091,0.413533834,0.116541353,108.71742697953302
26599.0,Jonatan Clase,SEA,,21.3555555,607,0.135090609,0.278418451,0.350906095,0.446393762,0.204678363,120.3474882933903
27462.0,Austin Martin,MIN,,24.5222222,288,0.135416666,0.159722222,0.37630662,0.391489361,0.136170213,98.54425834661104
27464.0,Dillon Dingler,DET,,25.0388888,386,0.111398963,0.277202072,0.358441558,0.472560975,0.219512195,124.6277980712716
27479.0,Masyn Winn,STL,,21.5277777,559,0.08586762,0.171735241,0.363148479,0.482965931,0.190380761,112.17465752030536
27482.0,Robert Hassell III,WSN,,22.1277777,545,0.124770642,0.295412844,0.32412523,0.321199143,0.100642398,87.37442279360188
27496.0,Owen Caissie,CHC,,21.2305555,534,0.142322097,0.310861423,0.39587242,0.514606741,0.226966292,141.22295334290163
27497.0,Tyler Callihan,CIN,,23.275,552,0.092391304,0.228260869,0.326642335,0.386503067,0.139059305,97.81569286860967
27501.0,Justin Foscue,TEX,,24.5805555,588,0.149659863,0.1292517,0.392857142,0.480331262,0.213250517,119.83146943294123
27504.0,Nick Yorke,BOS,,21.4972222,509,0.100196463,0.241650294,0.349705304,0.434004474,0.165548099,113.31256321161815
27531.0,David Hamilton,BOS,,26.0055555,499,0.150300601,0.236472945,0.363453815,0.429594272,0.181384249,101.24108133848544
27562.0,Austin Wells,NYY,,24.2194444,429,0.111888111,0.226107226,0.333333333,0.442048517,0.202156334,107.0843050069836
27573.0,Gage Workman,DET,,23.9361111,426,0.117370892,0.338028169,0.34117647,0.416893732,0.171662125,115.61419249345286
27604.0,Alika Williams,PIT,,24.5527777,326,0.095092024,0.17791411,0.345679012,0.465034965,0.1993007,109.82566883388505
27630.0,Nick Loftin,KCR,,25.0166666,418,0.100478468,0.145933014,0.349282296,0.456043956,0.186813187,98.06174254396082
27763.0,Drew Romo,COL,,22.0888888,406,0.073891625,0.179802955,0.323383084,0.451790633,0.184573003,105.51316995229251
27769.0,Pete Crow-Armstrong,CHC,,21.5166666,524,0.09351145,0.257633587,0.363288718,0.496717724,0.218818381,120.80197543688452
27770.0,Zac Veen,COL,,21.8027777,254,0.098425196,0.232283464,0.307086614,0.324324324,0.099099099,73.5890933218119
27781.0,Pedro Leon,HOU,,25.3416666,571,0.112084063,0.287215411,0.340388007,0.429447852,0.188139059,96.2349219466553
27784.0,Tyler Gentry,KCR,,24.6666666,611,0.142389525,0.224222585,0.367213114,0.41617357,0.16765286,98.6767316333418
27790.0,Evan Carter,TEX,,21.0888888,532,0.165413533,0.216165413,0.418079096,0.445475638,0.157772622,131.58568643009892
27845.0,Matt Mervis,CHC,,25.4583333,475,0.151578947,0.23368421,0.391578947,0.512820512,0.238461538,120.16481117097388
27883.0,Thomas Saggese,STL,,21.4722222,630,0.082539682,0.228571428,0.373608903,0.529729729,0.223423423,130.9469268225409
27899.0,Colt Keith,DET,,22.1305555,604,0.105960264,0.2102649,0.379139072,0.558490566,0.254716982,144.87676949684996
27931.0,Petey Halpin,CLE,,21.3472222,523,0.095602294,0.246653919,0.314176245,0.37012987,0.127705628,91.8216914770579
27962.0,Adael Amador,COL,,20.4722222,323,0.120743034,0.114551083,0.381987577,0.496376811,0.206521739,129.11908862653675
28022.0,Edgar Quero,CHW,,20.4861111,466,0.160944206,0.165236051,0.379828326,0.34574468,0.093085106,106.32207672649568
28080.0,Jasson Dominguez,NYY,,20.65,569,0.151142355,0.239015817,0.383128295,0.453974895,0.179916318,132.91461810631876
28142.0,Jhostynxon Garcia,BOS,,20.8055555,311,0.118971061,0.254019292,0.33118971,0.375939849,0.142857143,97.94013840710902
28163.0,Junior Caminero,TBR,,20.2388888,515,0.083495145,0.198058252,0.382524271,0.586206896,0.265086207,153.90917363578495
28253.0,Javier Sanoja,MIA,,21.0777777,577,0.071057192,0.072790294,0.347222222,0.387218045,0.090225564,105.18254690472614
28312.0,Coby Mayo,BAL,,21.8083333,635,0.149606299,0.240944881,0.407874015,0.559386973,0.270114943,150.95084439550337
28344.0,Tsung-Che Cheng,PIT,,22.2361111,535,0.097196261,0.186915887,0.352490421,0.455531453,0.177874187,116.02106089458272
28552.0,Yanquiel Fernandez,COL,,20.75,533,0.061913696,0.251407129,0.313320825,0.485714285,0.220408163,105.9950559193994
28806.0,Jackson Chourio,MIL,,19.5555555,599,0.073455759,0.178631051,0.335559265,0.459706959,0.179487179,106.83799453407669
28816.0,Denzer Guzman,LAA,,19.6472222,476,0.088235294,0.277310924,0.306722689,0.36744186,0.130232558,84.16765490145889
28820.0,Moises Ballesteros,CHC,,19.8972222,494,0.127530364,0.157894736,0.374493927,0.448931116,0.163895487,133.3555842922083
28824.0,Samuel Basallo,BAL,,19.1333333,483,0.126293995,0.194616977,0.401656314,0.551312649,0.238663485,164.60203539191875
29478.0,Carter Jensen,KCR,,20.2444444,503,0.184890656,0.242544731,0.353876739,0.358910891,0.150990099,108.63129712349505
29490.0,Jackson Merrill,SDP,,20.45,549,0.067395264,0.12568306,0.325411334,0.43512974,0.157684631,108.93614593880667
29518.0,James Wood,WSN,,21.0388888,554,0.117328519,0.319494584,0.350180505,0.514644351,0.255230126,135.0604220114127
29547.0,Ryan Bliss,SEA,,23.8,619,0.095315024,0.192245557,0.377022653,0.521978021,0.219780219,117.72292547376443
29554.0,Adrian Del Castillo,ARI,,24.0111111,430,0.139534883,0.265116279,0.363636363,0.439226519,0.179558011,94.40397570635444
29575.0,Trey Sweeney,NYY,,23.4361111,484,0.140495867,0.188016528,0.36983471,0.418719211,0.16502463,124.30226078583924
29591.0,Colton Cowser,BAL,,23.5305555,445,0.173033707,0.274157303,0.418918918,0.516853932,0.224719101,139.57692588353603
29592.0,Connor Norby,BAL,,23.3138888,660,0.086363636,0.218181818,0.356060606,0.479729729,0.189189189,110.72411065362532
29606.0,Justyn-Henry Malloy,DET,,23.6166666,627,0.177033492,0.253588516,0.417862838,0.474,0.196,135.7550700273906
29630.0,Joey Loperfido,HOU,,24.3888888,540,0.12037037,0.248148148,0.37037037,0.509635974,0.231263383,128.30403872384872
29634.0,Will Wagner,HOU,,25.1722222,304,0.118421052,0.171052631,0.422442244,0.522727272,0.181818182,152.2775129738005
29668.0,Marcelo Mayer,BOS,,20.8027777,363,0.088154269,0.239669421,0.306629834,0.433436532,0.19504644,95.98602607612928
29704.0,Braxton Fulford,COL,,24.8111111,319,0.109717868,0.244514106,0.375394321,0.460377358,0.19245283,122.88142465524848
29712.0,Colson Montgomery,CHW,,21.5944444,299,0.193979933,0.190635451,0.454545454,0.477876106,0.194690266,154.3687009767646
29715.0,Hunter Goodman,COL,,23.9805555,481,0.095634095,0.249480249,0.336798336,0.572104018,0.314420803,132.19364495808267
29779.0,Max Muncy,OAK,,21.1,560,0.092857142,0.271428571,0.348375451,0.406504065,0.134146342,101.29106953522556
29794.0,Kyle Manzardo,CLE,,23.2027777,445,0.130337078,0.197752808,0.341573033,0.476190476,0.232804233,101.64037495570516
29858.0,Denzel Clarke,OAK,,23.4166666,307,0.136807817,0.28990228,0.400651465,0.508064516,0.233870968,138.73482170378998
29912.0,Darren Baker,WSN,,24.6388888,485,0.090721649,0.164948453,0.353430353,0.358620689,0.071264368,84.95619413927567
29949.0,Tyler Black,MIL,,23.1805555,569,0.156414762,0.175746924,0.417253521,0.515217391,0.22826087,144.39347657740868
29958.0,Harry Ford,SEA,,20.6111111,570,0.185964912,0.192982456,0.414035087,0.433035714,0.174107143,130.95599279122152
29976.0,Jordan Lawlar,ARI,,21.2055555,507,0.114398422,0.209072978,0.374753451,0.493055555,0.217592593,110.2430439883844
29993.0,Brady House,WSN,,20.325,376,0.074468085,0.236702127,0.368,0.497058823,0.185294118,139.39471743707324
29995.0,Daylen Lile,WSN,,20.8361111,475,0.109473684,0.214736842,0.357894736,0.453012048,0.178313253,125.82542540144662
30038.0,Carson Williams,TBR,,20.2666666,507,0.116370808,0.31755424,0.353057199,0.492027334,0.23690205,127.70165802698055
30063.0,Tristan Peters,TBR,,23.5861111,438,0.105022831,0.162100456,0.360730593,0.413612565,0.141361257,110.46675133609531
30163.0,Cesar Prieto,STL,,24.3916666,557,0.055655296,0.096947935,0.365107913,0.441634241,0.120622568,109.30117393986934
31166.0,Heston Kjerstad,BAL,,24.6361111,587,0.07495741,0.189097103,0.378424657,0.550863723,0.24184261,137.72463554816238
31363.0,Graham Pauley,SDP,,23.0194444,551,0.108892921,0.168784029,0.392727272,0.538461538,0.230769231,154.11127399097953
31370.0,Jakob Marsee,SDP,,22.2583333,577,0.171577123,0.173310225,0.409722222,0.422413793,0.150862069,140.77886559977577
31382.0,Dalton Rushing,LAD,,22.6111111,383,0.187989556,0.242819843,0.404699738,0.452054794,0.22260274,147.1575093896655
31396.0,Tyler Locklear,SEA,,22.8527777,381,0.125984251,0.207349081,0.404199475,0.496815286,0.210191083,143.23565660682925
31431.0,Jordan Beck,COL,,22.45,571,0.127845884,0.255691768,0.361403508,0.497975708,0.228744939,126.53609372646196
31437.0,Jace Jung,DET,,22.9916666,581,0.135972461,0.242685025,0.375215146,0.5,0.233739838,146.7408121398653
31490.0,Wade Meckler,SFG,,23.4444444,378,0.134920634,0.158730158,0.456233421,0.504643962,0.133126935,164.13601886372638
31505.0,Sal Stewart,CIN,,19.8166666,518,0.162162162,0.148648648,0.395752895,0.415492957,0.14084507,126.97850292038262
31539.0,Drake Baldwin,ATL,,22.5083333,489,0.143149284,0.210633946,0.382413087,0.451219512,0.185365854,137.21501323710996
31545.0,Drew Gilbert,NYM,,23.0111111,513,0.113060428,0.18908382,0.38095238,0.487297921,0.198614319,133.28251030511586
31562.0,Zach Dezenzo,HOU,,23.3888888,412,0.101941747,0.257281553,0.383495145,0.530555555,0.225,138.56548584548935
31564.0,Alan Roden,TOR,,23.775,540,0.127777777,0.12037037,0.427777777,0.453125,0.140625,149.1526906784998
31567.0,Trey Lipscomb,WSN,,23.2972222,559,0.053667262,0.184257602,0.316636851,0.426923076,0.151923076,104.34942146710452
31580.0,Chase Meidroth,BOS,,22.1888888,495,0.161616161,0.2,0.408080808,0.391521197,0.119700749,127.39935472893929
31595.0,Brooks Lee,MIN,,22.6305555,614,0.096091205,0.172638436,0.336601307,0.440366972,0.174311927,96.5201247094761
31661.0,Jacob Melton,HOU,,23.0666666,458,0.115720524,0.222707423,0.336980306,0.473945409,0.225806452,108.05957759783824
31665.0,Alex Freeland,LAD,,22.1027777,464,0.129310344,0.284482758,0.344827586,0.362025316,0.121518987,104.32607031625828
31680.0,Cole Young,SEA,,20.1888888,607,0.146622734,0.148270181,0.400329489,0.448484848,0.171717172,133.61109865487842
31695.0,Dylan Beavers,BAL,,22.1388888,528,0.132575757,0.221590909,0.383301707,0.467561521,0.178970917,130.96709416629926
31765.0,Nacho Alvarez Jr.,ATL,,20.4722222,512,0.12890625,0.173828125,0.39453125,0.397674418,0.111627907,131.67871271393358
31781.0,Jackson Holliday,BAL,,19.825,599,0.175292153,0.203672787,0.445742904,0.49898167,0.17311609,159.05980743309772
31812.0,Roman Anthony,BOS,,19.3833333,491,0.175152749,0.242362525,0.403258655,0.465994962,0.19395466,139.43298557396955
31912.0,Chandler Simpson,TBR,,22.8694444,504,0.109126984,0.087301587,0.374,0.34537246,0.051918736,112.79270138917428
32127.0,Chase DeLauter,CLE,,21.9805555,242,0.095041322,0.123966942,0.417355371,0.528037383,0.172897197,159.6034404756155
33189.0,Nolan Schanuel,LAA,,21.6305555,97,0.216494845,0.103092783,0.505154639,0.486486486,0.121621622,175.40647722397577
33266.0,Jacob Wilson,OAK,,21.5027777,111,0.054054054,0.099099099,0.39090909,0.474747474,0.141414141,128.65057138622072
33280.0,Brice Matthews,HOU,,21.5416666,156,0.16025641,0.262820512,0.365384615,0.352,0.144,115.96174741521509
33321.0,Luke Keaschall,MIN,,21.1277777,140,0.135714285,0.178571428,0.414285714,0.477477477,0.189189189,146.63745024655591
33322.0,Matt Shaw,CHC,,21.9027777,170,0.052941176,0.147058823,0.4,0.617834394,0.261146496,170.45333764861198
33333.0,Wyatt Langford,TEX,,21.8777777,200,0.18,0.17,0.48,0.677018633,0.316770186,199.0009640613298
33390.0,Bryce Eldridge,SFG,,18.9472222,130,0.153846153,0.261538461,0.4,0.504587155,0.211009174,128.4588945201974
33541.0,Dylan Crews,WSN,,21.5972222,159,0.088050314,0.23899371,0.37735849,0.467153284,0.175182482,135.9679442776623
33549.0,Kyle Teel,BOS,,21.6277777,114,0.184210526,0.192982456,0.48245614,0.494505494,0.131868132,169.61955294359404
33644.0,Kristian Campbell,BOS,,21.2583333,84,0.119047619,0.214285714,0.44047619,0.470588235,0.161764706,147.6702501543508
,Ryan Ward,LAD,,25.6055555,660,0.112121212,0.265151515,0.326251896,0.419410745,0.183708839,83.76574573748744
,Cody Milligan,ATL,,24.7722222,333,0.114114114,0.231231231,0.369369369,0.424561403,0.143859649,121.2133594340553
,Chandler Redmond,STL,,26.7277777,554,0.146209386,0.303249097,0.373865698,0.507658643,0.251641138,127.17002470042804
,Yunior Severino,MIN,,23.9944444,537,0.096834264,0.329608938,0.348230912,0.536842105,0.269473684,120.36845775583376
,Luis Mieses,CHW,,23.3361111,497,0.030181086,0.235412474,0.25708502,0.356076759,0.121535182,58.40147728369208
,Abrahan Gutierrez,PIT,,23.9194444,225,0.115555555,0.133333333,0.342222222,0.367875647,0.129533679,97.16613421434714
,Carlos Rodriguez,MIL,,22.8166666,439,0.091116173,0.113895216,0.358447488,0.367088607,0.075949367,96.38374159500437
,Allan Cerda,CIN,,23.8527777,285,0.18245614,0.343859649,0.361403508,0.401785714,0.209821429,103.30052556442185
,Daniel Vellojin,CIN,,23.5444444,292,0.130136986,0.219178082,0.312714776,0.313253012,0.108433735,66.65580196518384
,Julio Carreras,COL,,23.7194444,446,0.098654708,0.219730941,0.324263038,0.341902313,0.100257069,81.35648623203456
,Ronaiker Palma,COL,,23.7472222,262,0.06870229,0.11832061,0.307692307,0.320675105,0.067510549,66.41935455737635
,Brandon Valenzuela,SDP,,22.9972222,264,0.113636363,0.25,0.337121212,0.373913043,0.134782609,104.49985922787194
,Diego Hernandez,KCR,,22.8611111,313,0.063897763,0.252396166,0.323529411,0.34767025,0.086021505,77.24070607817961
,Pablo Aliendo,CHC,,22.3388888,379,0.108179419,0.308707124,0.328912466,0.452307692,0.224615385,106.38357243260194
,Carlos De La Cruz,PHI,,23.9861111,599,0.093489148,0.277128547,0.342237061,0.454198473,0.196564886,112.36625805694806
,Nick Meyer,NYM,,26.6194444,274,0.109489051,0.218978102,0.308823529,0.302521008,0.088235294,55.45061125422188
,Wilderd Patino,ARI,,22.2027777,496,0.10282258,0.278225806,0.362903225,0.338862559,0.087677725,98.72664623566978
,Brennen Davis,CHC,,23.9138888,310,0.083870967,0.24516129,0.300970873,0.310861423,0.108614232,54.06339654977216
,Ezequiel Pagan,CHC,,23.2305555,437,0.089244851,0.151029748,0.378440366,0.40052356,0.102094241,123.47332324372285
,Malcom Nunez,PIT,,22.5611111,329,0.088145896,0.221884498,0.334346504,0.371527777,0.125,84.01403513521079
,Korry Howell,SDP,,25.0833333,269,0.107806691,0.327137546,0.282527881,0.279475982,0.109170306,61.39400096141944
,Diego Cartaya,LAD,,22.0666666,417,0.095923261,0.290167865,0.278177458,0.369863013,0.183561644,72.01279430207487
,Antonio Gomez,NYY,,21.8833333,354,0.059322033,0.31638418,0.29059829,0.326086956,0.090062112,72.72696927723088
,Eduarqui Fernandez,MIL,,21.8638888,268,0.119402985,0.358208955,0.332089552,0.344827586,0.112068966,93.05655856275986
,Eduardo Garcia,MIL,,21.225,332,0.078313253,0.325301204,0.280120481,0.328903654,0.119601329,70.94537255495071
,Victor Bericoto,SFG,,21.8277777,519,0.082851637,0.223506743,0.32688588,0.508658008,0.238095238,122.50291957182807
,Dayan Frias,CLE,,21.2666666,400,0.1325,0.21,0.358395989,0.424778761,0.165191741,121.0186438034075
,Brainer Bonaci,BOS,,21.2277777,350,0.085714285,0.228571428,0.354285714,0.463722397,0.167192429,119.85348502278394
,Alex De Jesus,TOR,,21.525,354,0.115819209,0.265536723,0.341807909,0.465346534,0.214521452,117.90883402890988
,Jose Ramos,LAD,,22.75,489,0.110429447,0.288343558,0.334702258,0.411904761,0.169047619,100.28549165160196
,Alexander Vargas,NYY,,21.9222222,448,0.053571428,0.258928571,0.25,0.346062052,0.138424821,61.80717136335899
,Gabriel Martinez,TOR,,22.1861111,459,0.074074074,0.161220043,0.301310043,0.369304556,0.129496403,85.07300841659607
,Brayan Buelvas,OAK,,21.3138888,444,0.101351351,0.25,0.311512415,0.395886889,0.16966581,85.85196633273183
,J.J. D'Orazio,ARI,,21.7583333,441,0.079365079,0.201814058,0.332574031,0.422110552,0.145728643,96.35579892737417
,Cristopher  Barete,TBR,,21.8083333,372,0.083333333,0.255376344,0.318801089,0.319277108,0.06626506,89.08561257512592
,Leandro Pineda,PHI,,21.325,434,0.110599078,0.235023041,0.341013824,0.396782841,0.150134048,106.25559176988116
,Rodolfo Nolasco,PIT,,22.0222222,444,0.159909909,0.342342342,0.351351351,0.44011142,0.225626741,114.32020632718758
,Geraldo Quintero,ATL,,21.975,477,0.117400419,0.186582809,0.343949044,0.321951219,0.073170732,98.49157382821907
,Carlos Dominguez,NYM,,23.9722222,188,0.090425531,0.329787234,0.319148936,0.411042944,0.184049079,96.09000889097544
,Miguel Palma,HOU,,21.7416666,293,0.081911262,0.191126279,0.341296928,0.424124513,0.140077821,94.90618655486988
,Eddinson Paulino,BOS,,21.2472222,514,0.099221789,0.233463035,0.336575875,0.420353982,0.165929204,104.4944510617436
,Nelson Quiroz,LAD,,21.9055555,11,0.272727272,0.181818181,0.272727272,0.0,0.0,18.456897895102653
,Juan Brito,CLE,,22.0194444,579,0.151986183,0.153713298,0.382352941,0.427368421,0.16,128.72589819884286
,Tanner Morris,TOR,,26.0666666,412,0.148058252,0.199029126,0.389294403,0.393063583,0.112716763,108.29927409664808
,Jairo Pomares,SFG,,23.1583333,37,0.162162162,0.324324324,0.378378378,0.322580645,0.064516129,87.97760343698904
,Bryce Windham,CHC,,27.0166666,223,0.116591928,0.188340807,0.36199095,0.366492146,0.083769633,82.21996779809379
,Colin Barber,HOU,,22.825,325,0.138461538,0.224615384,0.356923076,0.434306569,0.189781022,113.38923696742498
,Chase Strumpf,CHC,,25.5638888,449,0.169265033,0.320712694,0.369710467,0.45,0.227777778,109.26477870618352
,Jeremy De La Rosa,WSN,,21.7083333,394,0.106598984,0.332487309,0.324873096,0.359195402,0.117816092,92.99196434766264
,Stephen Scott,BOS,,26.3555555,417,0.148681055,0.213429256,0.350119904,0.461318051,0.229226361,108.24276508963308
,Yolbert Sanchez,CHW,,26.5777777,450,0.064444444,0.168888888,0.321428571,0.332518337,0.061124694,58.01200227558814
,Wuilfredo Antunez,CLE,,21.375,384,0.1015625,0.1875,0.354166666,0.420118343,0.144970415,120.1841950639352
,Jadiel Sanchez,LAA,,22.3916666,443,0.106094808,0.144469525,0.377828054,0.475065616,0.17847769,129.3690907543015
,Dasan Brown,TOR,,22.0166666,470,0.089361702,0.24893617,0.310492505,0.315403422,0.095354523,78.4858720561768
,Erick Brito,PHI,,21.35,399,0.090225563,0.142857142,0.324873096,0.300291545,0.064139942,79.3486004329678
,Willy Vasquez,TBR,,22.0694444,473,0.097251585,0.232558139,0.309322033,0.39192399,0.159144893,91.8394921774284
,Trei Cruz,DET,,25.2388888,542,0.153136531,0.23800738,0.336414048,0.369230769,0.156043956,100.8981201931095
,Hudson Haskin,BAL,,24.7527777,142,0.070422535,0.323943661,0.40140845,0.475,0.175,131.21604133204443
,Isaiah Greene,CLE,,22.0888888,215,0.130232558,0.348837209,0.288372093,0.279569892,0.096774194,66.3742851660318
,Freddy Zamora,MIL,,24.9166666,438,0.121004566,0.205479452,0.351598173,0.359788359,0.105820106,94.26270574147163
,Werner Blakely,LAA,,21.6111111,389,0.120822622,0.372750642,0.313624678,0.325373134,0.116417911,83.94234914549085
,Austin Hendrick,CIN,,22.2944444,523,0.072657743,0.357552581,0.271510516,0.341101694,0.13559322,70.91744007178202
,A.J. Vukovich,ARI,,22.1972222,515,0.089320388,0.283495145,0.333980582,0.484913793,0.219827587,95.18671449508707
,Jesse Franklin V,ATL,,24.8333333,387,0.082687338,0.297157622,0.315245478,0.419354838,0.187683284,104.16269463807002
,Blaze Jordan,BOS,,20.7833333,529,0.075614366,0.143667296,0.351606805,0.48125,0.183333334,121.25043529025857
,Milan Tolentino,CLE,,21.8722222,433,0.101616628,0.270207852,0.323325635,0.355263157,0.113157894,92.588584721109
,Zavier Warren,MIL,,24.7305555,438,0.102739726,0.203196347,0.317351598,0.404145077,0.168393782,89.71063907664713
,Kevin Made,WSN,,21.0583333,383,0.101827676,0.187989556,0.307086614,0.319402985,0.101492538,81.23252168113648
,Roberto Campos,DET,,20.2972222,379,0.073878627,0.224274406,0.308707124,0.389048991,0.135446686,101.45024035982574
,Jose Salas,MIN,,20.4305555,390,0.076923076,0.256410256,0.268041237,0.268786127,0.078034682,56.77271456684858
,Ian Lewis,MIA,,20.6583333,479,0.09394572,0.206680584,0.304621848,0.332547169,0.108490566,78.93074581787867
,Hedbert Perez,MIL,,20.4916666,266,0.086466165,0.270676691,0.293233082,0.3625,0.141666667,81.35731471829585
,Emmanuel Rodriguez,MIN,,20.5861111,461,0.19956616,0.297180043,0.399132321,0.469444444,0.227777778,147.1490550869899
,Alex Ramirez,NYM,,20.7166666,542,0.105166051,0.223247232,0.306839186,0.312368972,0.092243186,80.28186178004145
,Aeverson Arteaga,SFG,,20.5416666,555,0.075675675,0.239639639,0.297297297,0.404,0.172,90.37048404977932
,Estiven Machado,TOR,,20.9916666,258,0.089147286,0.224806201,0.279069767,0.245614035,0.061403509,53.12430265210207
,Elijah Dunham,NYY,,25.3388888,564,0.124113475,0.271276595,0.335106382,0.389233954,0.15942029,94.6905901477794
,Zach Daniels,HOU,,24.6888888,384,0.0859375,0.3203125,0.34375,0.450581395,0.177325582,112.05646410027543
,Brett Auerbach,SFG,,25.0944444,404,0.064356435,0.282178217,0.264851485,0.300268096,0.09383378,55.75794119567201
,Justin Dirden,HOU,,26.2083333,404,0.103960396,0.29950495,0.325,0.417142857,0.177142857,88.16206904762798
,Yoelqui Cespedes,CHW,,26.0194444,504,0.089285714,0.283730158,0.318725099,0.349206349,0.120181406,80.84072654198197
,Deyvison De Los Santos,ARI,,20.2777777,499,0.052104208,0.264529058,0.298597194,0.434968017,0.179104478,73.35118344467675
,Juan Corniel,ARI,,20.9972222,422,0.090047393,0.180094786,0.311163895,0.304812834,0.072192514,73.71636664321368
,Yerlin Confidan,CIN,,20.7916666,264,0.087121212,0.265151515,0.272727272,0.338912133,0.142259414,66.24181249452626
,Wilfred Veras,CHW,,20.8777777,566,0.049469964,0.256183745,0.323321554,0.463878326,0.178707224,110.01796457070589
,Yeiner Fernandez,LAD,,21.0333333,433,0.108545034,0.129330254,0.360277136,0.37533512,0.101876675,112.7112143157468
,Vincent Perozo,NYM,,20.5694444,342,0.093567251,0.30116959,0.321637426,0.38047138,0.154882155,92.20626580798964
,Adrian Sugastey,SFG,,20.9388888,266,0.04887218,0.139097744,0.338345864,0.425702811,0.124497992,109.11878934774596
,Kala'i Rosario,MIN,,21.2472222,551,0.139745916,0.303085299,0.364791288,0.480603448,0.226293104,137.00730269656611
,Jose Fernandez,ARI,,20.025,394,0.078680203,0.233502538,0.319796954,0.377464788,0.115492958,90.70363593588874
,Ricardo Olivar,MIN,,22.1416666,449,0.131403118,0.207126948,0.40311804,0.451612903,0.166666667,137.55405744199746
,Jeferson Quero,MIL,,20.9805555,391,0.099744245,0.181585677,0.337595907,0.437681159,0.176811594,103.5955936616444
,Yiddi Cappe,MIA,,21.1222222,537,0.033519553,0.189944134,0.251396648,0.309803921,0.088235294,60.03967436872521
,Adrian Pinto,TOR,,21.025,149,0.181208053,0.181208053,0.404109589,0.286956521,0.043478261,108.6006318592331
,Onil Perez,SFG,,21.0583333,331,0.078549848,0.114803625,0.359516616,0.392617449,0.093959731,105.57740349557557
,Lizandro Espinoza,STL,,20.8638888,413,0.094430992,0.256658595,0.272058823,0.289693593,0.105849582,60.69245662944216
,Christian Cerda,ARI,,20.7611111,470,0.19787234,0.204255319,0.402127659,0.397260273,0.150684931,126.3117109186088
,Willmer De La Cruz,TBR,,20.4861111,100,0.13,0.28,0.313131313,0.234567901,0.049382716,61.682325825836784
,Odalys Peguero,TBR,,20.6833333,283,0.148409893,0.208480565,0.335689045,0.336170212,0.119148936,98.95668022459998
,Wilman Diaz,LAD,,19.8777777,293,0.058020477,0.354948805,0.310580204,0.428571428,0.172932331,92.69006379500796
,Armando Cruz,WSN,,19.7083333,375,0.082666666,0.181333333,0.269541778,0.255255255,0.063063063,54.66354269575103
,Cristian Hernandez,CHC,,19.8,431,0.090487238,0.273781902,0.301624129,0.301298701,0.077922078,81.08833097665838
,Cristian Santana,DET,,19.85,419,0.21718377,0.276849642,0.365155131,0.311688311,0.155844156,100.80833310573878
,Danny De Andrade,MIN,,19.475,481,0.122661122,0.22037422,0.353430353,0.394472361,0.150753769,108.47139805557892
,Jesus Galiz,LAD,,19.8111111,330,0.063636363,0.224242424,0.316109422,0.406666666,0.14,92.68771279498156
,Victor Acosta,CIN,,19.3083333,411,0.09975669,0.206812652,0.364303178,0.354466858,0.103746397,103.4619559474938
,Angel Genao,CLE,,19.3666666,316,0.107594936,0.155063291,0.344936708,0.384892086,0.122302158,110.58050849308415
,Abel Bastidas,DET,,19.8527777,245,0.07755102,0.240816326,0.289795918,0.310502283,0.095890411,67.07605899286516
,Manuel Beltre,TOR,,19.3111111,436,0.110091743,0.19266055,0.331034482,0.335120643,0.107238606,88.72463808642615
,Samuel Zavala,SDP,,19.2111111,518,0.185328185,0.272200772,0.392996108,0.405,0.1625,123.3448641691817
,Gabriel Gonzalez,SEA,,19.7416666,541,0.066543438,0.168207024,0.360443622,0.475103734,0.178423237,123.67351645127953
,Hendry Mendez,MIL,,19.9,284,0.088028169,0.158450704,0.323943661,0.352713178,0.096899225,87.29552401130354
,Ronald Hernandez,NYM,,19.9388888,230,0.230434782,0.217391304,0.452173913,0.422619047,0.148809524,145.7681410188645
,Leonardo Bernal,STL,,19.6333333,323,0.151702786,0.170278637,0.380804953,0.361940298,0.097014925,114.40430686142018
,Thayron Liranzo,LAD,,20.2388888,418,0.167464114,0.267942583,0.399521531,0.56231884,0.289855072,153.33895393668558
,Luis Castillo,MIL,,19.9722222,192,0.114583333,0.260416666,0.338541666,0.35582822,0.104294478,93.04015473159188
,Jadher Areinamo,MIL,,19.8416666,423,0.040189125,0.125295508,0.333333333,0.406015037,0.100250626,104.18145237712648
,Hector Rodriguez,CIN,,19.5555555,499,0.056112224,0.188376753,0.34268537,0.494577006,0.201735358,122.72557483261266
,Bryant Betancourt,COL,,19.9694444,450,0.095555555,0.164444444,0.325167037,0.327411167,0.083756345,84.36651309719112
,Jorge Ruiz,LAA,,19.2527777,343,0.081632653,0.157434402,0.380530973,0.42087542,0.114478114,120.07325989929858
,Allan Castro,BOS,,20.3527777,495,0.137373737,0.183838383,0.365656565,0.402380952,0.142857143,114.58491862577485
,Daniel Vazquez,KCR,,19.4861111,472,0.131355932,0.226694915,0.329059829,0.286783042,0.064837905,80.54200733897956
,Diego Velasquez,SFG,,20.0,519,0.107899807,0.159922928,0.387351778,0.434579439,0.135514019,122.5946486214288
,Enderso Lira,BOS,,19.9722222,238,0.046218487,0.210084033,0.268907563,0.286995515,0.049327354,53.978100015619866
,Rayne Doncon,LAD,,20.025,474,0.075949367,0.219409282,0.282700421,0.366822429,0.151869158,74.03652161812154
,Carlos Jorge,CIN,,20.025,451,0.115299334,0.22172949,0.375555555,0.465116279,0.180878553,128.67180145845424
,Frederick Bencosme,BAL,,20.7666666,478,0.115062761,0.140167364,0.336134453,0.318072289,0.072289157,87.85924378070946
,Spencer Packard,SEA,,25.9694444,556,0.122302158,0.160071942,0.390287769,0.447033898,0.154661017,135.8147755059784
,Marcos Castanon,SDP,,24.5222222,563,0.085257548,0.214920071,0.342806394,0.463366336,0.182178218,121.78769572859224
,Miguel Bleis,BOS,,19.5833333,148,0.067567567,0.283783783,0.277027027,0.318181818,0.090909091,62.725407025460925
,Raudelis Martinez,TBR,,21.3361111,208,0.163461538,0.134615384,0.336538461,0.271084337,0.072289157,82.45760434408656
,Tyler McDonough,BOS,,24.4972222,388,0.092783505,0.262886597,0.330708661,0.394658753,0.136498516,95.38658616481048
,Abimelec  Ortiz,TEX,,21.6083333,454,0.107929515,0.277533039,0.370860927,0.618925831,0.324808184,162.5001116973742
,Tyler Hardman,NYY,,24.6777777,345,0.118840579,0.330434782,0.330434782,0.543918918,0.307432432,136.19991595755354
,Corey Rosier,BOS,,24.0666666,449,0.082405345,0.216035634,0.351230425,0.43283582,0.146766169,112.0353037891922
,Izaac Pacheco,DET,,20.8694444,517,0.096711798,0.313346228,0.290135396,0.353579175,0.138828633,87.95573596896541
,Luke Waddell,ATL,,25.2166666,591,0.147208121,0.126903553,0.381355932,0.370901639,0.098360656,113.92233888463056
,Wilfredo Lara,NYM,,19.425,409,0.122249388,0.217603911,0.36185819,0.451704545,0.1875,119.9978584729756
,John Rhodes,BAL,,23.1277777,468,0.113247863,0.262820512,0.322649572,0.421568627,0.193627451,96.69961710534857
,Cameron Cauley,TEX,,20.6527777,424,0.110849056,0.313679245,0.33490566,0.413513513,0.164864865,114.06950638188736
,Ty Collins,ATL,,20.5694444,344,0.110465116,0.247093023,0.288629737,0.255033557,0.053691276,62.35885238733629
,Benny Montgomery,COL,,21.0611111,501,0.103792415,0.273453093,0.337325349,0.373303167,0.119909502,88.7612885191294
,Ian Moller,TEX,,20.9305555,394,0.159898477,0.284263959,0.324873096,0.294478527,0.104294478,92.27958470600926
,Wes Kath,CHW,,21.1611111,394,0.093908629,0.42893401,0.276649746,0.3125,0.116477273,65.9800243945382
,Damon Keith,LAD,,23.3416666,443,0.101580135,0.329571106,0.318284424,0.38010204,0.145408163,99.60540424525446
,Reed Trimble,BAL,,23.3194444,57,0.140350877,0.228070175,0.298245614,0.25,0.083333334,63.10192857763971
,Juan Benjamin,CLE,,20.4333333,413,0.118644067,0.196125907,0.361650485,0.346368715,0.075418995,108.66130043064514
,Adam Zebrowski,ATL,,23.0083333,383,0.114882506,0.313315926,0.308093994,0.385542168,0.180722891,99.43750142857552
,Vaun Brown,SFG,,25.2722222,256,0.06640625,0.359375,0.30859375,0.448275862,0.206896552,105.19436977704308
,James Triantos,CHC,,20.6722222,367,0.095367847,0.114441416,0.359673024,0.386292834,0.102803738,113.13693683746874
,Damiano Palmegiani,TOR,,23.6861111,563,0.131438721,0.271758436,0.36589698,0.475583864,0.220806794,128.1836101376245
,Matheu Nelson,CIN,,24.7138888,413,0.118644067,0.263922518,0.339805825,0.437142857,0.208571429,116.40040074936954
,TJ Rumfield,NYY,,23.3722222,375,0.106666666,0.221333333,0.314666666,0.43125,0.2125,106.50160827562743
,Josh Crouch,DET,,24.8166666,353,0.084985835,0.254957507,0.314447592,0.32063492,0.085714286,88.1971441566734
,Joe Mack,MIA,,20.7611111,503,0.083499005,0.234592445,0.294820717,0.287305122,0.069042316,73.39890102247692
,Jay Allen,CIN,,20.8583333,134,0.119402985,0.343283582,0.32330827,0.266055045,0.091743119,73.02216308266102
,Jordan Viars,PHI,,20.2027777,327,0.082568807,0.269113149,0.314814814,0.342857142,0.128571428,81.50302347956026
,Carlos Colmenarez,TBR,,19.8777777,374,0.147058823,0.377005347,0.344919786,0.308441558,0.100649351,98.91593361567166
,Christian Franklin,CHC,,23.8361111,383,0.143603133,0.250652741,0.384816753,0.442307692,0.189102564,133.4732128668685
,Noah Miller,MIN,,20.8861111,531,0.111111111,0.20338983,0.309433962,0.339055793,0.115879828,87.13229171513409
,Kahlil Watson,CLE,,20.4583333,349,0.123209169,0.269340974,0.329512893,0.406143344,0.18771331,110.22665861809972
,Noah Cardenas,MIN,,24.0583333,378,0.145502645,0.203703703,0.396825396,0.381877022,0.110032362,129.09443599706938
,Edwin Arroyo,CIN,,20.1,561,0.087344028,0.21033868,0.325581395,0.434869739,0.180360721,109.43094814038412
,Lonnie White Jr.,PIT,,20.7527777,276,0.155797101,0.27173913,0.405797101,0.475555555,0.2,139.39072346144496
,Aaron Zavala,TEX,,23.2694444,426,0.169014084,0.373239436,0.342723004,0.284457478,0.090909091,77.2442663693806
,T.J. White,WSN,,20.1888888,287,0.121951219,0.365853658,0.276223776,0.278225806,0.108870968,60.96600314596558
,Jake Fox,CLE,,20.6361111,453,0.099337748,0.227373068,0.329646017,0.39800995,0.141791045,105.19121044579651
,Mason Auer,TBR,,22.5833333,519,0.094412331,0.364161849,0.290944123,0.348484848,0.142857143,71.61956784112363
,Cooper Kinney,TBR,,20.6777777,509,0.084479371,0.212180746,0.341846758,0.392156862,0.117647059,113.11449762007256
,Hao-Yu Lee,DET,,20.6611111,337,0.100890207,0.198813056,0.359050445,0.392491467,0.122866894,113.68313567415636
,Roque Salinas,TOR,,20.8972222,417,0.050359712,0.124700239,0.314148681,0.321989528,0.062827225,77.83409605879771
,Dyan Jorge,COL,,20.5361111,309,0.10355987,0.152103559,0.374592833,0.420664206,0.114391144,114.5447234110394
,Willy Fanas,NYM,,19.6888888,155,0.09032258,0.296774193,0.309677419,0.414285714,0.171428572,87.15905073585954
,Diego Benitez,ATL,,18.8666666,196,0.086734693,0.224489795,0.331632653,0.392045454,0.130681818,91.62493978356274
,Rosman Verdugo,SDP,,18.6638888,474,0.097046413,0.261603375,0.307036247,0.330097087,0.111650486,77.68263382816839
,Jaison Chourio,CLE,,18.3666666,231,0.19047619,0.225108225,0.445887445,0.41847826,0.097826087,133.98994124087113
,Cristhian Vaquero,WSN,,19.05,261,0.157088122,0.206896551,0.381322957,0.357487922,0.106280193,106.64024580603817
,Ricardo Cabrera,CIN,,18.9194444,202,0.128712871,0.198019801,0.475247524,0.530864197,0.185185185,154.29416346479425
,Samuel Munoz,LAD,,19.025,240,0.0875,0.170833333,0.3375,0.412037037,0.138888889,93.5411188029628
,Yordany De Los Santos,PIT,,18.6222222,233,0.124463519,0.309012875,0.344827586,0.324742268,0.092783506,89.05909051567345
,Lazaro Montes,SEA,,18.9416666,304,0.180921052,0.253289473,0.440789473,0.557851239,0.256198347,161.94862400798246
,Jonathan Mejia,STL,,18.4694444,164,0.170731707,0.286585365,0.312883435,0.257575757,0.098484848,59.36816052787472
,Alexis Hernandez,CHC,,18.7611111,150,0.12,0.333333333,0.406666666,0.515384615,0.2,131.24489035137682
,Jhonny Severino,PIT,,18.8972222,63,0.031746031,0.174603174,0.301587301,0.586206896,0.327586207,103.73732178202262
,Nelson Rada,LAA,,18.1,540,0.135185185,0.181481481,0.395480225,0.346241457,0.070615034,113.2309678544116
,Luis Meza,TOR,,19.0222222,59,0.050847457,0.20338983,0.275862068,0.211538461,0.019230769,41.78470282596452
,Michael Arroyo,SEA,,18.9111111,279,0.132616487,0.193548387,0.405017921,0.4,0.145454546,130.0338432160035
,Kenni Gomez,HOU,,18.3805555,61,0.098360655,0.196721311,0.311475409,0.320754716,0.113207547,69.77166907684813
,Leandro Arias,BAL,,18.6555555,162,0.12345679,0.12345679,0.37037037,0.414285714,0.142857143,109.7892448504914
,Aroon Escobar,PHI,,18.75,134,0.149253731,0.097014925,0.343283582,0.3,0.090909091,90.30078659420232
,Carlos Sanchez,CIN,,18.7194444,194,0.242268041,0.268041237,0.453125,0.430555555,0.159722222,132.1207167081225
,Ruben Santana,ARI,,18.625,212,0.080188679,0.240566037,0.386792452,0.484042553,0.170212766,117.87037681228117
,Capri Ortiz,LAA,,18.5,230,0.126086956,0.295652173,0.374449339,0.345360824,0.072164948,89.91590741359256
,Yerald Nin,ARI,,18.1194444,183,0.076502732,0.278688524,0.274725274,0.273291925,0.062111801,40.95591384042293
,Estuar Suero,PIT,,18.0888888,218,0.128440366,0.279816513,0.325688073,0.34054054,0.124324324,70.74698633531877
,Luis Baez,HOU,,19.7222222,255,0.129411764,0.243137254,0.356862745,0.481308411,0.23364486,127.90259511280117
,Enmanuel Tejeda,NYY,,18.7666666,217,0.202764976,0.202764976,0.465437788,0.457831325,0.15060241,146.65820483106057
,Dangelo  Sarmiento,NYM,,18.7416666,43,0.162790697,0.279069767,0.279069767,0.138888888,0.0,31.33435943083242
,Mairoshendrick Martinus,LAD,,18.6611111,170,0.076470588,0.382352941,0.294117647,0.344155844,0.110389611,66.20816366927508
,Jesus Baez,NYM,,18.5972222,162,0.12345679,0.179012345,0.308641975,0.330935251,0.122302158,72.59170771308017
,Jansel Luis,ARI,,18.5694444,263,0.064638783,0.193916349,0.33460076,0.44117647,0.172268907,102.28330838644034
,Luis Lara,MIL,,18.8722222,400,0.11,0.1525,0.375314861,0.361271676,0.072254335,111.49552813179396
,Jose Rodriguez,MIN,,18.3083333,209,0.086124401,0.196172248,0.325358851,0.411764705,0.14973262,96.24058324258212
,Marvin Alcantara,BOS,,18.9138888,259,0.115830115,0.239382239,0.324324324,0.290178571,0.0625,68.46903557947675
,Oswaldo Osorio,LAD,,18.4694444,201,0.144278606,0.268656716,0.393034825,0.445121951,0.18292683,120.24092827309764
,Echedry Vargas,TEX,,18.5944444,224,0.09375,0.245535714,0.388392857,0.567839195,0.251256281,122.63485508850476
,Jefferson Rojas,CHC,,18.4333333,310,0.074193548,0.2,0.341935483,0.4,0.134545455,116.82489179914404
,Roni Cabrera,KCR,,18.1694444,139,0.143884892,0.187050359,0.410071942,0.504424778,0.21238938,143.33388276798365
,Enderson Delgado,TBR,,19.0277777,186,0.118279569,0.252688172,0.279569892,0.25949367,0.107594936,52.30474920252353
,Alberto Hernandez,HOU,,19.0638888,169,0.142011834,0.183431952,0.375,0.414285714,0.157142857,108.88916375552049
,Josue De Paula,LAD,,18.3527777,340,0.135294117,0.179411764,0.396449704,0.372340425,0.088652482,116.97849100523904
,Ryan Burrowes,CHW,,19.1222222,179,0.067039106,0.284916201,0.333333333,0.389937106,0.125786163,82.48765422828737
,Antony Peguero,MIA,,18.2972222,180,0.094444444,0.233333333,0.311111111,0.282051282,0.057692308,71.09016220657224
,Marco Vargas,NYM,,18.3805555,250,0.212,0.152,0.432,0.388601036,0.113989638,132.94332983073318
,Jesus Lopez,TEX,,18.3527777,53,0.094339622,0.245283018,0.396226415,0.644444444,0.355555556,136.72701123790029
,Byron Chourio,MIN,,18.3638888,106,0.188679245,0.179245283,0.415094339,0.297619047,0.035714286,113.51295944639485
,Jose Gerardo,MIA,,18.3027777,226,0.163716814,0.424778761,0.345132743,0.318681318,0.126373626,92.90763916063202
,Cristofer Torin,ARI,,18.3472222,288,0.121527777,0.142361111,0.364583333,0.350806451,0.080645161,97.32111680812318
,Reylin Perez,DET,,18.9888888,123,0.1300813,0.341463414,0.270491803,0.257142857,0.104761905,48.70549917708886
,Won-Bin Cho,STL,,20.1138888,453,0.141280353,0.21633554,0.375275938,0.387862796,0.118733509,116.55422007104562
,Yasser Mercedes,MIN,,18.875,105,0.057142857,0.219047619,0.247619047,0.381443298,0.18556701,62.50020346336191
,Roderick Arias,NYY,,19.0611111,130,0.207692307,0.223076923,0.423076923,0.504950495,0.237623763,137.88191737488205
,Douglas Glod,ATL,,18.6972222,208,0.182692307,0.3125,0.384615384,0.395061728,0.172839506,113.1364787511439
,Tony Blanco Jr.,PIT,,18.3805555,157,0.108280254,0.375796178,0.324840764,0.397058823,0.161764706,100.34208667580096
,William Bergolla,PHI,,18.975,228,0.131578947,0.074561403,0.351111111,0.286458333,0.03125,80.77146947201123
,Jacob Berry,MIA,,22.4055555,478,0.054393305,0.211297071,0.280334728,0.380410022,0.15261959,82.92095906120453
,Ivan Melendez,ARI,,23.6861111,431,0.071925754,0.34338747,0.34338747,0.572916666,0.302083333,131.0341797099444
,Hayden Dunhurst,KCR,,23.0333333,117,0.085470085,0.41025641,0.24137931,0.288461538,0.125,47.03191396411695
,Kevin Kilpatrick Jr.,ATL,,22.85,561,0.124777183,0.25490196,0.333928571,0.331236897,0.104821803,97.04843549544952
,Ambioris Tavarez,ATL,,19.8861111,480,0.091666666,0.408333333,0.31875,0.336538461,0.120192308,93.30697685378571
,Javier Vaz,KCR,,23.025,522,0.124521072,0.097701149,0.375722543,0.401785714,0.120535714,120.7084545586874
,Jack Brannigan,PIT,,22.5555555,376,0.140957446,0.29787234,0.393617021,0.527331189,0.247588424,144.98650962332283
,Eric Brown Jr.,MIL,,22.7833333,322,0.118012422,0.180124223,0.363354037,0.369963369,0.109890109,108.18186458677286
,Matt Wood,MIL,,22.5805555,473,0.154334038,0.143763213,0.374207188,0.324808184,0.074168798,105.06132340052552
,Ben Metzinger,MIL,,24.2638888,375,0.146666666,0.317333333,0.344,0.320754716,0.094339622,94.61692348775364
,Robert Moore,MIL,,21.5027777,574,0.095818815,0.19337979,0.316433566,0.355289421,0.125748503,89.76583313936543
,Jud Fabian,BAL,,23.0111111,528,0.15340909,0.325757575,0.347248576,0.436489607,0.214780601,111.92954354504415
,David McCabe,ATL,,23.5166666,524,0.152671755,0.215648854,0.385496183,0.449771689,0.173515982,138.88106851192725
,Danny Serretti,DET,,23.4,429,0.118881118,0.193473193,0.341920374,0.364383561,0.115068493,104.82380821319184
,Spencer Jones,NYY,,22.3805555,551,0.090744101,0.294010889,0.338797814,0.44105691,0.172764228,114.67837681574692
,Clark Elliott,OAK,,23.0055555,374,0.131016042,0.179144385,0.339572192,0.275974025,0.058441558,73.1493383129509
,Silas Ardoin,BAL,,23.0333333,385,0.158441558,0.314285714,0.366233766,0.360501567,0.122257053,106.69846795335415
,Nathan Martorella,SDP,,22.6194444,587,0.139693356,0.173764906,0.359454855,0.434959349,0.180894309,124.14388456676944
,Gavin Cross,KCR,,22.6333333,423,0.104018912,0.274231678,0.304964539,0.398373983,0.18699187,97.30713023232236
,Anthony Hall,NYY,,22.6444444,383,0.135770234,0.232375979,0.353403141,0.403076923,0.156923077,108.83983045287768
,Peyton Graham,DET,,22.6805555,246,0.117886178,0.223577235,0.341463414,0.35576923,0.125,96.7924854221368
,Cayden Wallace,KCR,,22.15,576,0.09375,0.206597222,0.326388888,0.407045009,0.156555773,103.7655508014582
,Daniel Susac,OAK,,22.3805555,472,0.086864406,0.224576271,0.362288135,0.426540284,0.127962085,109.12658002090092
,Sterlin Thompson,COL,,22.2638888,410,0.092682926,0.182926829,0.375609756,0.486033519,0.19273743,128.65931745238538
,Henry Bolte,OAK,,20.1583333,492,0.12601626,0.333333333,0.357723577,0.42280285,0.163895487,109.64370176761771
,Tanner Schobel,MIN,,22.325,567,0.116402116,0.188712522,0.354497354,0.41889117,0.156057495,114.3585428891352
,Logan Tanner,CIN,,22.8916666,258,0.131782945,0.251937984,0.303501945,0.307339449,0.105504587,70.89436065022008
,Ryan Clifford,NYM,,20.1972222,511,0.125244618,0.273972602,0.373776908,0.479905437,0.21749409,130.0856358374002
,Cam Collier,CIN,,18.8638888,461,0.123644251,0.229934924,0.34924078,0.356410256,0.11025641,97.38797878046567
,Tucker Toman,TOR,,19.8861111,504,0.125,0.267857142,0.319444444,0.312354312,0.104895105,80.25852121995716
,Haydn McGeary,CHC,,23.9777777,537,0.148975791,0.229050279,0.394785847,0.461538461,0.187782805,132.93115265015535
,Jett Williams,NYM,,19.9111111,536,0.19402985,0.220149253,0.425373134,0.453883495,0.189320389,145.9724152588698
,Luke Adams,MIL,,19.4361111,442,0.174208144,0.226244343,0.400452488,0.4,0.167647059,130.8531482299911
,Sammy Hernandez,STL,,19.3333333,228,0.087719298,0.22368421,0.311403508,0.386934673,0.170854271,88.3358332379687
,Brock Jones,TBR,,22.5083333,372,0.129032258,0.330645161,0.309139784,0.411949685,0.210691824,96.3999501206992
,Dominic Keegan,TBR,,23.1666666,450,0.131111111,0.202222222,0.384444444,0.464,0.178666667,137.4551199184255
,Cade Doughty,TOR,,22.5138888,429,0.086247086,0.293706293,0.344988344,0.456233421,0.193633952,119.96547217105515
,Cade Hunter,CIN,,22.8388888,441,0.124716553,0.272108843,0.351473922,0.383783783,0.145945946,105.94425455396954
,Kamren James,TBR,,23.35,411,0.07785888,0.287104622,0.31707317,0.401098901,0.167582418,101.66912198788631
,Josh Kasevich,TOR,,22.7055555,392,0.096938775,0.112244897,0.354591836,0.355685131,0.078717201,101.87214052851164
,Ryan Cermak,TBR,,22.3305555,176,0.085227272,0.210227272,0.342857142,0.448717948,0.185897436,125.70793770073657
,Elijah Green,WSN,,19.825,368,0.144021739,0.413043478,0.337874659,0.333333333,0.113268609,95.09984506808048
,Termarr Johnson,PIT,,19.3055555,462,0.218614718,0.259740259,0.42173913,0.438395415,0.194842407,139.073041696434
,Mikey Romero,BOS,,19.7194444,144,0.097222222,0.173611111,0.293706293,0.285714285,0.071428571,61.9557345628244
,Brenner Cox,WSN,,19.3888888,230,0.130434782,0.417391304,0.271929824,0.190721649,0.046391753,39.57117336681328
,Bryan Rincon,PHI,,19.6472222,425,0.16,0.178823529,0.367924528,0.360946745,0.127218935,104.66117422338031
,Justin Crawford,PHI,,19.7166666,390,0.082051282,0.176923076,0.391752577,0.46704871,0.134670487,132.18056516905736
,Cutter Coffey,BOS,,19.3611111,428,0.130841121,0.233644859,0.324766355,0.314917127,0.104972376,83.57774975668542
,Emaarion Boyd,PHI,,20.1083333,403,0.086848635,0.148883374,0.365671641,0.32361516,0.06122449,96.04154502317525
,Max Wagner,BAL,,22.1166666,483,0.122153209,0.258799171,0.345755693,0.406779661,0.164648911,107.7969285702792
,Jacob Reimer,NYM,,19.6083333,419,0.14797136,0.200477326,0.398568019,0.375,0.110119048,120.87460296339763
,Tommy Specht,TEX,,19.2694444,268,0.123134328,0.272388059,0.317164179,0.280172413,0.064655172,83.79528565217242
,Austin Charles,KCR,,19.8833333,307,0.071661237,0.247557003,0.296052631,0.382352941,0.143382353,83.13771622287574
,Xavier Isaac,TBR,,19.7888888,433,0.147806004,0.212471131,0.394919168,0.520775623,0.235457064,156.40678111588227
,Carter Young,BAL,,22.6861111,453,0.110375275,0.284768211,0.326710816,0.329145728,0.085427136,93.26956920413066
,Kevin Parada,NYM,,22.1611111,466,0.079399141,0.274678111,0.324034334,0.423728813,0.176755448,108.79831371509042
,Joe Lampe,CLE,,22.8222222,471,0.116772823,0.195329087,0.335456475,0.334987593,0.099255584,94.2883179800811
,Druw Jones,ARI,,19.8416666,175,0.148571428,0.257142857,0.354285714,0.32885906,0.087248322,94.26353911933856
,Brando Mayea,NYY,,18.0527777,170,0.129411764,0.158823529,0.382352941,0.4,0.124137932,105.9381400017465
,Enmanuel Bonilla,TOR,,17.6916666,226,0.119469026,0.243362831,0.407079646,0.428571428,0.121693122,129.8203086602694
,Andrew Pintar,ARI,,22.5222222,242,0.078512396,0.219008264,0.318181818,0.345794392,0.102803738,82.84713394992671
,Geisel Cepeda,TEX,,25.7055555,397,0.085642317,0.108312342,0.342569269,0.343661971,0.076056338,95.1587712912645
,Gabriel Rincones Jr.,PHI,,22.5777777,540,0.118518518,0.251851851,0.353703703,0.431965442,0.183585313,117.01711439440508
,Nate Furman,CLE,,22.1888888,441,0.14739229,0.122448979,0.397260273,0.305949008,0.042492918,113.48949467833516
,Ethan Salas,SDP,,17.3333333,291,0.103092783,0.257731958,0.329896907,0.419607843,0.17254902,103.80162988463162
,Luis Guanipa,ATL,,17.7944444,208,0.110576923,0.201923076,0.360576923,0.38372093,0.145348837,110.43260253530715
,Alfredo Duno,CIN,,17.7333333,195,0.194871794,0.21025641,0.451282051,0.493421052,0.190789474,152.227340080489
,Joendry Vargas,LAD,,17.8972222,208,0.144230769,0.149038461,0.423076923,0.528735632,0.201149426,145.24049042546864
,Derniche Valdez,CHC,,17.5055555,125,0.12,0.408,0.328,0.476635514,0.242990655,106.840768772996
,Sebastian Walcott,TEX,,17.5472222,215,0.106976744,0.297674418,0.33488372,0.470588235,0.224598931,91.40135415669036
,Starlyn Caba,PHI,,17.8194444,164,0.170731707,0.097560975,0.423312883,0.345864661,0.045112782,123.07180337721508
,Ariel Castro,MIN,,17.6222222,189,0.126984126,0.333333333,0.322751322,0.375,0.16875,86.50617442983973
,Brailer Guerrero,TBR,,17.2666666,29,0.137931034,0.206896551,0.379310344,0.391304347,0.130434782,110.18101644614808
,Ludwing Espinoza,CHC,,17.8083333,183,0.103825136,0.262295081,0.306010928,0.310126582,0.113924051,73.6927494783549
,Camilo Diaz,HOU,,18.0722222,195,0.21025641,0.328205128,0.374358974,0.352941176,0.14379085,102.63318598426186
,Rayner Arias,SFG,,17.4222222,76,0.197368421,0.144736842,0.539473684,0.793103448,0.379310345,232.7366547724922
,Janero Miller,MIA,,17.725,131,0.106870229,0.427480916,0.33076923,0.309734513,0.07079646,82.20546889485668
,Robert Calaz,COL,,17.8583333,189,0.116402116,0.227513227,0.423280423,0.560509554,0.23566879,149.27818195051768
,Gian Zapata,ARI,,18.05,165,0.115151515,0.29090909,0.363636363,0.522388059,0.268656716,124.24404712932784
,Esmil Valencia,HOU,,17.9472222,211,0.090047393,0.146919431,0.345971563,0.387978142,0.125683061,96.98566193011402
,Arnaldo Lantigua,LAD,,17.7833333,119,0.151260504,0.218487394,0.344537815,0.474747474,0.252525252,114.09141235051618
,Yoeilin Cespedes,BOS,,18.0638888,209,0.066985645,0.114832535,0.392344497,0.560209424,0.214659686,145.6167113626253
,Daiverson Gutierrez,NYM,,18.0555555,211,0.104265402,0.170616113,0.320574162,0.244186046,0.058139535,68.35076615999857
,Welbyn Francisca,CLE,,17.3722222,179,0.134078212,0.195530726,0.418994413,0.5,0.184210527,144.22416149487958
,Yerlin Luis,CLE,,18.0611111,186,0.29032258,0.225806451,0.478494623,0.296,0.072,137.69335296337445
,Hendry Chivilli,MIN,,18.0472222,97,0.12371134,0.381443298,0.278350515,0.283950617,0.111111111,53.30173683520228
,Cristopher Larez,NYM,,17.725,97,0.103092783,0.298969072,0.350515463,0.404761904,0.130952381,105.43482222907647
,Andy Acevedo,WSN,,17.8472222,184,0.135869565,0.320652173,0.298913043,0.248366013,0.078431373,60.236774229421655
,Jeremy Rodriguez,NYM,,17.325,202,0.163366336,0.153465346,0.410891089,0.467065868,0.173652695,137.75465546939202
,Kevin Ereu,MIL,,17.3527777,168,0.148809523,0.25,0.309523809,0.242647058,0.080882353,60.088296616194114
,Kevin Hacen,SDP,,17.6694444,205,0.136585365,0.243902439,0.336585365,0.262195121,0.085365853,82.10894569925455
,Angel Guzman,SFG,,17.8777777,171,0.157894736,0.187134502,0.391812865,0.45,0.192857143,127.10121280624294
,Asbel Gonzalez,KCR,,17.7472222,173,0.109826589,0.150289017,0.354651162,0.363636363,0.118881119,101.28344908881898
,Chase Davis,STL,,21.8222222,131,0.190839694,0.259541984,0.366412213,0.269230769,0.057692308,94.01406418915214
,Joe Redfield,LAA,,21.9527777,65,0.092307692,0.169230769,0.338461538,0.403508771,0.157894736,105.70536457416836
,Alberto Rios,LAA,,21.5333333,157,0.101910828,0.235668789,0.27388535,0.306569343,0.124087592,60.10631400225733
,Calvin Harris,CHW,,21.8777777,145,0.144827586,0.193103448,0.351724137,0.311475409,0.073770491,94.08390744783632
,Jacob Gonzalez,CHW,,21.3361111,153,0.150326797,0.163398692,0.333333333,0.260162601,0.048780488,76.99603648873368
,Brock Wilken,MIL,,21.2888888,203,0.162561576,0.231527093,0.413793103,0.472727272,0.187878788,143.30604078397565
,Sabin Ceballos,ATL,,21.1222222,50,0.18,0.28,0.44,0.375,0.075,141.39175207401752
,Brock Vradenburg,MIA,,21.5305555,133,0.165413533,0.278195488,0.368421052,0.29090909,0.054545454,96.48790464374837
,Ryan Lasko,OAK,,21.2694444,30,0.1,0.166666666,0.233333333,0.23076923,0.076923077,14.724139958474703
,Kevin Sim,ARI,,21.65,139,0.071942446,0.237410071,0.352517985,0.424,0.136,111.11196122043532
,Tommy Troy,ARI,,21.7055555,115,0.139130434,0.24347826,0.373913043,0.46875,0.197916667,125.57959985781515
,Kemp Alderman,MIA,,21.1138888,133,0.052631578,0.293233082,0.285714285,0.316239316,0.111111111,69.18837002497689
,Jack Hurley,ARI,,21.55,147,0.108843537,0.299319727,0.374149659,0.409448818,0.133858267,117.41143245807604
,Mitch Jebb,PIT,,21.3833333,153,0.111111111,0.071895424,0.381578947,0.3984375,0.1015625,114.91905904352063
,Max Anderson,DET,,21.5861111,145,0.08275862,0.179310344,0.344827586,0.4453125,0.15625,112.234754009621
,Josh Rivera,CHC,,20.975,114,0.078947368,0.245614035,0.324561403,0.446601941,0.184466019,109.76475659705646
,Cole Carrigg,COL,,21.3972222,158,0.082278481,0.208860759,0.407643312,0.6,0.25,159.38034392086985
,Connor Burns,CIN,,21.7944444,92,0.152173913,0.467391304,0.304347826,0.373333333,0.2,80.8166610003519
,Jake Gelof,LAD,,21.6,154,0.129870129,0.298701298,0.324675324,0.458646616,0.233082707,105.1433365877881
,Myles Naylor,OAK,,18.4611111,139,0.086330935,0.395683453,0.287769784,0.38095238,0.166666666,76.23546464614516
,Aidan Miller,PHI,,19.3111111,80,0.15,0.1875,0.425,0.378787878,0.075757575,125.55042660462418
,Aidan Smith,SEA,,19.1888888,84,0.119047619,0.285714285,0.321428571,0.361111111,0.152777778,88.03531604267872
,Samuel Stafura,CIN,,18.8777777,53,0.150943396,0.433962264,0.211538461,0.19047619,0.119047619,2.467447854047533
,Brandon Winokur,MIN,,18.7916666,71,0.056338028,0.323943661,0.338028169,0.545454545,0.257575758,126.75483059061456
,Mike Boeve,MIL,,21.4055555,120,0.116666666,0.208333333,0.4,0.529411764,0.205882353,139.10585266024842
,Kendall George,LAD,,18.9222222,121,0.140495867,0.165289256,0.458333333,0.42,0.05,142.59958931886302
,Yohandy Morales,WSN,,21.9777777,189,0.1005291,0.19047619,0.423280423,0.493975903,0.144578313,156.7535599878237
,Cole Foster,SFG,,21.9805555,142,0.063380281,0.316901408,0.316901408,0.461538461,0.207692308,99.429247555782
,Max Clark,DET,,18.7777777,107,0.196261682,0.233644859,0.38317757,0.376470588,0.152941177,112.75498296306216
,Anthony Huezo,HOU,,17.9138888,51,0.176470588,0.215686274,0.333333333,0.243902439,0.073170732,67.13400940510031
,Chase Jaworsky,HOU,,19.1694444,38,0.157894736,0.157894736,0.394736842,0.28125,0.0,93.60566975154416
,Roc Riggio,NYY,,21.3055555,97,0.226804123,0.24742268,0.391752577,0.219178082,0.027397261,92.49381324830767
,Dylan Campbell,LAD,,21.2472222,51,0.058823529,0.196078431,0.274509803,0.340425531,0.127659574,61.28086861458191
,Dillon Head,SDP,,18.9722222,124,0.120967741,0.153225806,0.362903225,0.4,0.133333334,98.40507452822656
,Blake Mitchell,KCR,,19.1611111,52,0.326923076,0.269230769,0.423076923,0.176470588,0.029411765,88.68032857652666
,Tavian Josenberger,BAL,,21.9388888,112,0.205357142,0.205357142,0.39090909,0.285714285,0.047619047,109.76688313986108
,George Wolkow,CHW,,17.7222222,51,0.176470588,0.333333333,0.392156862,0.325,0.1,97.05785568855916
,Devin Saltiban,PHI,,18.6305555,46,0.065217391,0.152173913,0.391304347,0.452380952,0.119047619,123.19103601490636
,Eric Bitonti,MIL,,17.8722222,48,0.1875,0.3125,0.333333333,0.41025641,0.230769231,85.71894459194543
,Cooper Pratt,MIL,,19.1194444,54,0.092592592,0.203703703,0.425925925,0.444444444,0.088888889,122.94788308175606
,Mac Horvath,BAL,,21.675,99,0.191919191,0.262626262,0.454545454,0.602564102,0.282051282,187.7270658240263
,Gino Groover,ARI,,21.4583333,112,0.071428571,0.089285714,0.348214285,0.393939393,0.111111111,101.3525167261062
,Arjun Nimmala,TOR,,17.9583333,40,0.35,0.2,0.5,0.32,0.12,149.93581265748733
,Nazzan Zanetello,BOS,,18.35,47,0.191489361,0.319148936,0.319148936,0.236842105,0.078947369,57.06059866969733
,Walker Jenkins,MIN,,18.6166666,115,0.078260869,0.12173913,0.417391304,0.571428571,0.20952381,163.12800646335288
,Kevin McGonigle,DET,,19.1194444,93,0.193548387,0.107526881,0.451612903,0.410958904,0.095890411,144.51759332249878
,Colton Ledbetter,TBR,,21.8777777,86,0.139534883,0.197674418,0.376470588,0.438356164,0.164383562,131.99148354278395
,Enrique Bradfield Jr.,BAL,,21.8305555,110,0.236363636,0.145454545,0.472727272,0.329113924,0.037974684,146.52265298310178
,Tre' Morgan,TBR,,21.2083333,56,0.142857142,0.053571428,0.482142857,0.541666666,0.145833333,186.1757490633536
,Brayden Taylor,TBR,,21.3583333,108,0.157407407,0.314814814,0.361111111,0.516483516,0.274725275,144.2193293787552
,Colt Emerson,SEA,,18.1972222,114,0.149122807,0.175438596,0.495575221,0.549450549,0.175824176,182.75544993203223
,AJ Ewing,NYM,,19.1416666,21,0.238095238,0.285714285,0.523809523,0.357142857,0.071428572,162.19165004774868
,Colin Houck,NYM,,19.0027777,36,0.194444444,0.222222222,0.388888888,0.310344827,0.068965517,100.43682082396836
,Tai Peete,SEA,,18.1388888,109,0.091743119,0.275229357,0.348623853,0.404040404,0.121212122,104.63936820380384
,Ralphy Velazquez,CLE,,18.3416666,28,0.107142857,0.178571428,0.392857142,0.739130434,0.391304348,153.17717838189705
,Alex Mooney,CLE,,21.2361111,76,0.092105263,0.171052631,0.263157894,0.212121212,0.060606061,47.85958302745579
,Moises Gomez,STL,,25.0944444,602,0.068106312,0.325581395,0.292358803,0.447897623,0.215722121,77.40598545098501
,Ronaldo Hernandez,BOS,,25.8888888,420,0.104761904,0.171428571,0.33095238,0.432960893,0.198324022,88.34433375523021
,Juan Zabala,SDP,,24.2444444,234,0.085470085,0.256410256,0.285087719,0.343137254,0.132352941,77.51431728722551
,Ricardo Genoves,SFG,,24.3805555,298,0.10738255,0.27181208,0.312080536,0.333333333,0.120155039,68.89002071040267
